trial,split,n_finestre,current_skill_rmse_P,cmd_MAE_P,cmd_MAE_persist_P,current_nRMSE_avg,sensor_diff_skill_mae_P,current_MAE_1,sensor_diff_P,sensor_diff_MAE_1,cmd_MAE_avg,sensor_diff_MAE_persist_avg,cmd_skill_mae_1,current_R2_1,cmd_MAE_persist_1,cmd_R2_P,sensor_diff_RMSE_persist_avg,current_MAE_persist_avg,cmd_P,cmd_MAE_1,cmd_RMSE_persist_P,current_RMSE_P,cmd_skill_mae_P,sensor_diff_nRMSE_1,sensor_diff_nRMSE_P,current_RMSE_persist_P,cmd_nRMSE_P,current_nRMSE_P,cmd_RMSE_1,current_R2_avg,current_R2_P,sensor_diff_RMSE_P,current_RMSE_avg,sensor_diff_MAE_persist_P,current_nRMSE_1,cmd_skill_rmse_P,current_MAE_persist_P,current_RMSE_1,sensor_diff_RMSE_1,current_skill_mae_P,cmd_skill_mae_avg,sensor_diff_MAE_persist_1,current_skill_rmse_avg,cmd_MAE_persist_avg,cmd_R2_avg,cmd_RMSE_persist_1,sensor_diff_MAE_avg,current_P,sensor_diff_R2_1,sensor_diff_skill_rmse_1,current_MAE_persist_1,cmd_skill_rmse_avg,sensor_diff_RMSE_persist_P,cmd_nRMSE_avg,cmd_RMSE_persist_avg,sensor_diff_skill_mae_avg,sensor_diff_R2_P,sensor_diff_skill_rmse_avg,cmd_RMSE_P,sensor_diff_nRMSE_avg,sensor_diff_skill_rmse_P,cmd_RMSE_avg,current_RMSE_persist_1,sensor_diff_skill_mae_1,sensor_diff_MAE_P,current_skill_mae_avg,sensor_diff_RMSE_persist_1,current_MAE_P,current_skill_mae_1,cmd_nRMSE_1,sensor_diff_RMSE_avg,cmd_skill_rmse_1,sensor_diff_R2_avg,current_MAE_avg,current_RMSE_persist_avg,cmd_R2_1,current_skill_rmse_1,sensor_diff_net,current_net,cmd_net
trial_1.csv,val,281,0.6584283038054063,0.0172148142009973,0.0790674686431884,0.3199,0.6170862609574734,10.502,1,14.7205,0.0172,38.4434,0.7823,0.8977,0.0791,0.978270176166688,55.9568,30.1069,1,0.0172,0.1152939796447753,15.949357986450195,0.7822769022910868,0.1563,0.1562728950089238,46.69402694702149,0.147410392889997,0.3198670919597468,0.035,0.8977,0.8976850366658663,19.565717697143555,15.9494,38.44341659545898,0.3199,0.6964857853851912,30.106943130493164,15.9494,19.5657,0.6511783650873766,0.7823,38.4434,0.6584,0.0791,0.9783,0.1153,14.7205,1,0.9756,0.6503,30.1069,0.6965,55.95683288574219,0.1474,0.1153,0.6171,0.9755787828463638,0.6503,0.0349933616816997,0.1563,0.6503426536470598,0.035,46.694,0.6171,14.72051239013672,0.6512,55.9568,10.501953125,0.6512,0.1474,19.5657,0.6965,0.9756,10.502,46.694,0.9783,0.6584,FM,FM,IM
trial_106.csv,val,280,0.6981954497411449,0.019709289073944,0.1086210533976554,0.3125,0.6116491823169113,11.8686,1,30.1925,0.0197,77.7455,0.8186,0.9023,0.1086,0.967247611295597,100.1309,44.385,1,0.0197,0.127540573477745,18.076295852661133,0.818550009805286,0.3411,0.3410946278443371,59.89404678344727,0.1809762165355772,0.312492581042711,0.0421,0.9023,0.9023483784379835,48.46820068359375,18.0763,77.7454833984375,0.3125,0.6702476883383691,44.3849983215332,18.0763,48.4682,0.7325981986996253,0.8186,77.7455,0.6982,0.1086,0.9672,0.1275,30.1925,1,0.8837,0.516,44.385,0.6702,100.13092803955078,0.181,0.1275,0.6116,0.8836544568989351,0.516,0.0420567989349365,0.3411,0.5159517480508193,0.0421,59.894,0.6116,30.192522048950195,0.7326,100.1309,11.86862850189209,0.7326,0.181,48.4682,0.6702,0.8837,11.8686,59.894,0.9672,0.6982,FM,FM,IM
trial_114.csv,val,279,0.7331713120379959,0.0205477643758058,0.1269011348485946,0.3025,0.8060403117854399,10.8848,1,14.7669,0.0205,76.134,0.8381,0.9085,0.1269,0.9593198992746136,108.4344,44.332,1,0.0205,0.169247880578041,16.76690101623535,0.8380805309556819,0.1223,0.1223089166051236,62.83769989013672,0.2016930809955828,0.3025106357410868,0.0524,0.9085,0.90848730623664,19.86785697937012,16.7669,76.13404846191406,0.3025,0.6903178129522956,44.331974029541016,16.7669,19.8679,0.7544714212044528,0.8381,76.134,0.7332,0.1269,0.9593,0.1692,14.7669,1,0.985,0.8168,44.332,0.6903,108.43436431884766,0.2017,0.1692,0.806,0.9850405304991156,0.8168,0.0524130538105964,0.1223,0.8167752713434152,0.0524,62.8377,0.806,14.76693630218506,0.7545,108.4344,10.884766578674316,0.7545,0.2017,19.8679,0.6903,0.985,10.8848,62.8377,0.9593,0.7332,FM,FM,IM
trial_115.csv,val,281,0.7901103809858242,0.0182022787630558,0.1700594425201416,0.2449,0.8584693717625496,11.7792,1,15.1159,0.0182,106.8028,0.893,0.94,0.1701,0.9906662566550548,134.1014,66.063,1,0.0182,0.1951728761196136,17.346965789794922,0.8929651979724681,0.1013,0.1012703248968885,82.64804077148438,0.0966113053733648,0.2448734864234073,0.0292,0.94,0.940036976397616,19.99100875854492,17.347,106.80284881591795,0.2449,0.8502970911975495,66.06295776367188,17.347,19.991,0.8216966986041351,0.893,106.8028,0.7901,0.1701,0.9907,0.1952,15.1159,1,0.9897,0.8509,66.063,0.8503,134.10142517089844,0.0966,0.1952,0.8585,0.9897443222810556,0.8509,0.0292179472744464,0.1013,0.8509262020663207,0.0292,82.648,0.8585,15.115874290466309,0.8217,134.1014,11.77924346923828,0.8217,0.0966,19.991,0.8503,0.9897,11.7792,82.648,0.9907,0.7901,FM,FM,IM
trial_19.csv,val,280,0.6875008484337131,0.014853473752737,0.1015928611159324,0.3285,0.7438427853230803,10.6089,1,14.1305,0.0149,55.1636,0.8538,0.8921,0.1016,0.9829293664266932,70.5718,37.6216,1,0.0149,0.1230405420064926,15.982415199279783,0.8537941190987127,0.1241,0.1240682919460867,51.14386749267578,0.130654640613263,0.3284710259180984,0.0315,0.8921,0.8921067783776557,17.257890701293945,15.9824,55.16357421875,0.3285,0.7442505314510124,37.62156677246094,15.9824,17.2579,0.7180090066503972,0.8538,55.1636,0.6875,0.1016,0.9829,0.123,14.1305,1,0.9846,0.7555,37.6216,0.7443,70.57176971435547,0.1307,0.123,0.7438,0.9846070593241252,0.7555,0.0314675532281398,0.1241,0.7554561721897218,0.0315,51.1439,0.7438,14.130547523498535,0.718,70.5718,10.608942985534668,0.718,0.1307,17.2579,0.7443,0.9846,10.6089,51.1439,0.9829,0.6875,FM,FM,IM
trial_21.csv,val,280,0.7100925596937705,0.0142264701426029,0.0675045177340507,0.2628,0.5104094615632601,7.5877,1,29.2908,0.0142,59.8271,0.7893,0.9309,0.0675,0.969094721556916,85.6864,26.0642,1,0.0142,0.087020419538021,11.071314811706545,0.7892515846324345,0.3628,0.3627750380012907,38.18913650512695,0.1757989789069362,0.2628324302619124,0.0356,0.9309,0.930919101693089,45.617225646972656,11.0713,59.8271484375,0.2628,0.5908789647801229,26.064178466796875,11.0713,45.6172,0.7088846206872731,0.7893,59.8271,0.7101,0.0675,0.9691,0.087,29.2908,1,0.8684,0.4676,26.0642,0.5909,85.68636322021484,0.1758,0.087,0.5104,0.868394269920794,0.4676,0.0356018841266632,0.3628,0.4676256065421296,0.0356,38.1891,0.5104,29.29080581665039,0.7089,85.6864,7.587683200836182,0.7089,0.1758,45.6172,0.5909,0.8684,7.5877,38.1891,0.9691,0.7101,FM,FM,IM
trial_25.csv,val,280,0.6964532424171423,0.0199858807027339,0.0821014642715454,0.2671,0.7075844094430042,9.2946,1,13.1719,0.02,45.045,0.7566,0.9287,0.0821,0.966105545104334,62.5118,32.4241,1,0.02,0.1036123484373092,14.376434326171877,0.7565709591167344,0.1024,0.1023840948980884,47.361515045166016,0.1841044667226933,0.2670742150616212,0.0466,0.9287,0.928671361181914,16.23621368408203,14.3764,45.04499816894531,0.2671,0.5503531269365785,32.42410659790039,14.3764,16.2362,0.7133442198832087,0.7566,45.045,0.6965,0.0821,0.9661,0.1036,13.1719,1,0.9895,0.7403,32.4241,0.5504,62.51179885864258,0.1841,0.1036,0.7076,0.9895174966883632,0.7403,0.0465889684855937,0.1024,0.7402696134085527,0.0466,47.3615,0.7076,13.171859741210938,0.7133,62.5118,9.294557571411133,0.7133,0.1841,16.2362,0.5504,0.9895,9.2946,47.3615,0.9661,0.6965,FM,FM,IM
trial_26.csv,val,280,0.7775087719298246,0.0166820902377367,0.1117260828614234,0.2277,0.7924940930340114,8.4678,1,11.683,0.0167,56.3021,0.8507,0.9482,0.1117,0.9817871822964752,76.7452,43.9719,1,0.0167,0.1381816118955612,13.443034172058104,0.8506875940649608,0.1154,0.1153822264211626,60.42051315307617,0.1349548684756715,0.227693723542154,0.0324,0.9482,0.94815556123633,15.327547073364258,13.443,56.30214309692383,0.2277,0.7657346522148585,43.97189712524414,13.443,15.3275,0.8074263060827178,0.8507,56.3021,0.7775,0.1117,0.9818,0.1382,11.683,1,0.9867,0.8003,43.9719,0.7657,76.74516296386719,0.135,0.1382,0.7925,0.9866869419219908,0.8003,0.0323711633682251,0.1154,0.8002799592649155,0.0324,60.4205,0.7925,11.683027267456056,0.8074,76.7452,8.467830657958984,0.8074,0.135,15.3275,0.7657,0.9867,8.4678,60.4205,0.9818,0.7775,FM,FM,IM
trial_3.csv,val,280,0.6983658652322943,0.0196180641651153,0.1129964143037796,0.3259,0.6463276456987046,12.8359,1,21.2485,0.0196,60.0795,0.8264,0.8938,0.113,0.9853612268750838,76.7757,48.2086,1,0.0196,0.1371762901544571,19.233797073364254,0.8263833035234716,0.1876,0.1876310723716272,63.76531982421875,0.1209907996083749,0.3258672586624396,0.032,0.8938,0.8938105271278274,26.406906127929688,19.2338,60.07952880859375,0.3259,0.7669051228336219,48.208641052246094,19.2338,26.4069,0.7337419761306058,0.8264,60.0795,0.6984,0.113,0.9854,0.1372,21.2485,1,0.9648,0.6561,48.2086,0.7669,76.77568054199219,0.121,0.1372,0.6463,0.9647945813928372,0.6561,0.0319750905036926,0.1876,0.65605116175445,0.032,63.7653,0.6463,21.24846839904785,0.7337,76.7757,12.8359375,0.7337,0.121,26.4069,0.7669,0.9648,12.8359,63.7653,0.9854,0.6984,FM,FM,IM
trial_38.csv,val,280,0.6680321725950096,0.0177137479186058,0.072621650993824,0.3189,0.5684858465635496,8.9977,1,28.3544,0.0177,65.709,0.7561,0.8983,0.0726,0.9741317003108756,92.1721,29.6957,1,0.0177,0.0946260690689086,14.937396049499512,0.7560817238909614,0.268,0.2679940040167196,44.99651718139648,0.1608362482761988,0.3188672182978336,0.0416,0.8983,0.8983236870366426,45.25482940673828,14.9374,65.708984375,0.3189,0.5601695004667534,29.6956787109375,14.9374,45.2548,0.6970034147151073,0.7561,65.709,0.668,0.0726,0.9741,0.0946,28.3544,1,0.9282,0.509,29.6957,0.5602,92.17208099365234,0.1608,0.0946,0.5685,0.9281792199633356,0.509,0.0416194312274456,0.268,0.5090180354086302,0.0416,44.9965,0.5685,28.35435676574707,0.697,92.1721,8.997689247131348,0.697,0.1608,45.2548,0.5602,0.9282,8.9977,44.9965,0.9741,0.668,FM,FM,IM
trial_4.csv,val,280,0.7528394978423183,0.0113699967041611,0.1034237146377563,0.2983,0.6671995106744417,8.8716,1,17.7834,0.0114,53.4357,0.8901,0.911,0.1034,0.985825954196366,68.2327,37.6312,1,0.0114,0.1262741237878799,13.05055046081543,0.8900639302699114,0.2415,0.2415493981943661,52.80192565917969,0.1190548077840405,0.2982915599265816,0.0238,0.911,0.911022145586882,25.48215675354004,13.0506,53.43571472167969,0.2983,0.8112084267698578,37.63117599487305,13.0506,25.4822,0.7642499782306501,0.8901,53.4357,0.7528,0.1034,0.9858,0.1263,17.7834,1,0.9417,0.6265,37.6312,0.8112,68.23273468017578,0.1191,0.1263,0.6672,0.9416538874800996,0.6265,0.0238394904881715,0.2415,0.6265405912135663,0.0238,52.8019,0.6672,17.783432006835938,0.7642,68.2327,8.871550559997559,0.7642,0.1191,25.4822,0.8112,0.9417,8.8716,52.8019,0.9858,0.7528,FM,FM,IM
trial_46.csv,val,280,0.7642040145441037,0.0132260713726282,0.1096812486648559,0.2528,0.8524979085874116,8.0767,1,10.6338,0.0132,72.0929,0.8794,0.9361,0.1097,0.990372837457426,88.0784,38.4094,1,0.0132,0.1264649480581283,11.874127388000488,0.8794135594403922,0.0812,0.0812090165604202,50.35763168334961,0.0981181014257854,0.2527729672147975,0.0242,0.9361,0.9361058237465344,13.534316062927246,11.8741,72.09285736083984,0.2528,0.8082733999228695,38.40935897827149,11.8741,13.5343,0.7897195966980319,0.8794,72.0929,0.7642,0.1097,0.9904,0.1265,10.6338,1,0.9934,0.8463,38.4094,0.8083,88.0783920288086,0.0981,0.1265,0.8525,0.9934050961254532,0.8463,0.0242466945201158,0.0812,0.8463378389276174,0.0242,50.3576,0.8525,10.6338472366333,0.7897,88.0784,8.076735496520996,0.7897,0.0981,13.5343,0.8083,0.9934,8.0767,50.3576,0.9904,0.7642,FM,FM,IM
trial_47.csv,val,280,0.7886056142368025,0.0169986188411712,0.1422756463289261,0.2282,0.8240397095979645,10.2934,1,14.4995,0.017,82.4021,0.8805,0.9479,0.1423,0.9902514807835197,107.3145,54.9432,1,0.017,0.1663149893283844,15.244760513305664,0.8805233412760447,0.1068,0.1068362391023028,72.1152572631836,0.098734594395327,0.2282105363542711,0.0278,0.9479,0.9479199617979858,19.160669326782227,15.2448,82.40213775634766,0.2282,0.8327436832565644,54.9432487487793,15.2448,19.1607,0.8126543814387002,0.8805,82.4021,0.7886,0.1423,0.9903,0.1663,14.4995,1,0.9886,0.8215,54.9432,0.8327,107.31449127197266,0.0987,0.1663,0.824,0.988586019208351,0.8215,0.0278172325342893,0.1068,0.8214531038662584,0.0278,72.1153,0.824,14.499504089355469,0.8127,107.3145,10.293376922607422,0.8127,0.0987,19.1607,0.8327,0.9886,10.2934,72.1153,0.9903,0.7886,FM,FM,IM
trial_56.csv,val,280,0.7480809807071775,0.0224227886646986,0.1033526062965393,0.2636,0.6154579503407422,10.2667,1,29.1904,0.0224,75.9095,0.783,0.9305,0.1034,0.9572549343297284,114.8065,38.8321,1,0.0224,0.1496355831623077,14.387359619140623,0.7830457356792422,0.3183,0.3183370796512356,57.11104965209961,0.2067488100972968,0.2635582360446334,0.0494,0.9305,0.9305370591313464,46.95816802978516,14.3874,75.90946197509766,0.2636,0.6698406343278157,38.832069396972656,14.3874,46.9582,0.7356134242681978,0.783,75.9095,0.7481,0.1034,0.9573,0.1496,29.1904,1,0.8987,0.591,38.8321,0.6698,114.80651092529295,0.2067,0.1496,0.6155,0.8986615008752357,0.591,0.0494035892188549,0.3183,0.5909799222071836,0.0494,57.111,0.6155,29.190380096435547,0.7356,114.8065,10.266677856445312,0.7356,0.2067,46.9582,0.6698,0.8987,10.2667,57.111,0.9573,0.7481,FM,FM,IM
trial_57.csv,val,280,0.7863809538505151,0.015282760374248,0.1188220009207725,0.2264,0.696356184180527,9.5978,1,28.5622,0.0153,94.0649,0.8714,0.9487,0.1188,0.9927048020129304,124.3059,45.1055,1,0.0153,0.1478672325611114,13.361128807067873,0.8713810552269846,0.2547,0.2546876524187221,62.54652404785156,0.0854119309316964,0.2264204449038524,0.0241,0.9487,0.948733783489091,47.76709747314453,13.3611,94.06488800048828,0.2264,0.8372561850499466,45.10553741455078,13.3611,47.7671,0.7872156263970354,0.8714,94.0649,0.7864,0.1188,0.9927,0.1479,28.5622,1,0.9351,0.6157,45.1055,0.8373,124.30585479736328,0.0854,0.1479,0.6964,0.9351341995376872,0.6157,0.024064477533102,0.2547,0.6157293029277512,0.0241,62.5465,0.6964,28.56222152709961,0.7872,124.3059,9.597753524780272,0.7872,0.0854,47.7671,0.8373,0.9351,9.5978,62.5465,0.9927,0.7864,FM,FM,IM
trial_70.csv,val,280,0.7374296599239007,0.0101649519056081,0.0769322663545608,0.2504,0.7184973855207657,7.6472,1,13.6519,0.0102,48.4964,0.8679,0.9373,0.0769,0.9937427481390638,67.9911,26.7175,1,0.0102,0.1009742468595504,10.291970252990724,0.8678714096532585,0.1391,0.139055624203966,39.19700241088867,0.0791027929335524,0.2503698274271685,0.0161,0.9373,0.9373149586034994,17.317354202270508,10.292,48.496429443359375,0.2504,0.8408373850971339,26.71746253967285,10.292,17.3174,0.7137762093485378,0.8679,48.4964,0.7374,0.0769,0.9937,0.101,13.6519,1,0.9807,0.7453,26.7175,0.8408,67.99113464355469,0.0791,0.101,0.7185,0.9806635303600436,0.7453,0.0160713251680135,0.1391,0.7452998204389853,0.0161,39.197,0.7185,13.65187168121338,0.7138,67.9911,7.6471734046936035,0.7138,0.0791,17.3174,0.8408,0.9807,7.6472,39.197,0.9937,0.7374,FM,FM,IM
trial_72.csv,val,280,0.7547112334877485,0.0159473773092031,0.1050857156515121,0.282,0.7405872145398487,8.9804,1,16.8641,0.0159,65.0086,0.8482,0.9205,0.1051,0.976502762616415,87.1045,36.5552,1,0.0159,0.1324829906225204,12.438653945922852,0.8482441004437917,0.1952,0.1952012461942876,50.71024703979492,0.1532880770551918,0.2820024525347861,0.0346,0.9205,0.920474614262722,28.476661682128903,12.4387,65.00857543945312,0.282,0.738946136690098,36.55517578125,12.4387,28.4767,0.7543333468994189,0.8482,65.0086,0.7547,0.1051,0.9765,0.1325,16.8641,1,0.9619,0.6731,36.5552,0.7389,87.10447692871094,0.1533,0.1325,0.7406,0.9618964710032796,0.6731,0.0345851965248584,0.1952,0.6730746491315813,0.0346,50.7102,0.7406,16.864055633544922,0.7543,87.1045,8.980387687683105,0.7543,0.1533,28.4767,0.7389,0.9619,8.9804,50.7102,0.9765,0.7547,FM,FM,IM
trial_79.csv,val,280,0.7068172600974234,0.0237717144191265,0.0749508962035179,0.2622,0.6781540530392693,9.7618,1,15.0415,0.0238,46.735,0.6828,0.9312,0.075,0.943024617070604,65.7764,33.4136,1,0.0238,0.1000824496150016,16.201465606689453,0.6828361550930894,0.1214,0.1213886495765257,55.26063919067383,0.2386951793366812,0.262208455474224,0.0643,0.9312,0.9312467200317308,22.02204704284668,16.2015,46.73500061035156,0.2622,0.3572076610164091,33.41364288330078,16.2015,22.022,0.7078505925093953,0.6828,46.735,0.7068,0.075,0.943,0.1001,15.0415,1,0.9853,0.6652,33.4136,0.3572,65.77635192871094,0.2387,0.1001,0.6782,0.9852647967302788,0.6652,0.0643322318792343,0.1214,0.6651981084825989,0.0643,55.2606,0.6782,15.041470527648926,0.7079,65.7764,9.761775970458984,0.7079,0.2387,22.022,0.3572,0.9853,9.7618,55.2606,0.943,0.7068,FM,FM,IM
trial_83.csv,val,280,0.757130135896986,0.0159554649144411,0.0928192138671875,0.2657,0.7424767855259415,9.7273,1,12.8999,0.016,50.0921,0.8281,0.9294,0.0928,0.9752453161968314,77.2834,36.5456,1,0.016,0.1296149790287017,13.514972686767578,0.8281017016878494,0.1277,0.1277126657536892,55.64697265625,0.1573362124152159,0.2656747326638202,0.0341,0.9294,0.9294169347089531,16.442684173583984,13.515,50.09214401245117,0.2657,0.7368008328970419,36.54557037353516,13.515,16.4427,0.7338309515811879,0.8281,50.0921,0.7571,0.0928,0.9752,0.1296,12.8999,1,0.9837,0.7872,36.5456,0.7368,77.28337860107422,0.1573,0.1296,0.7425,0.983689473684494,0.7872,0.0341145545244216,0.1277,0.7872416492237124,0.0341,55.647,0.7425,12.899889945983888,0.7338,77.2834,9.727299690246582,0.7338,0.1573,16.4427,0.7368,0.9837,9.7273,55.647,0.9752,0.7571,FM,FM,IM
trial_85.csv,val,280,0.7955506834544618,0.015317072160542,0.1587822586297989,0.2308,0.8561592912675774,9.9676,1,13.344,0.0153,92.7693,0.9035,0.9467,0.1588,0.9926053001909824,111.9094,57.028,1,0.0153,0.1798939555883407,14.205961227416992,0.9035341083272168,0.0949,0.0948826878859899,69.48402404785156,0.0859924375325558,0.2308070445837244,0.0237,0.9467,0.9467281128826524,16.723451614379883,14.206,92.76927947998048,0.2308,0.8682587582053363,57.02799987792969,14.206,16.7235,0.8252164714277649,0.9035,92.7693,0.7956,0.1588,0.9926,0.1799,13.344,1,0.991,0.8506,57.028,0.8683,111.90938568115234,0.086,0.1799,0.8562,0.9909972742253398,0.8506,0.023699453100562,0.0949,0.8505625644123571,0.0237,69.484,0.8562,13.343998908996582,0.8252,111.9094,9.967555046081545,0.8252,0.086,16.7235,0.8683,0.991,9.9676,69.484,0.9926,0.7956,FM,FM,IM
trial_89.csv,val,280,0.7499954036617105,0.0103384396061301,0.0850785598158836,0.2283,0.6229876144504272,8.4645,1,25.3872,0.0103,67.3377,0.8785,0.9479,0.0851,0.9945929171181046,89.9917,31.7612,1,0.0103,0.1037194058299064,11.411921501159668,0.8784836082262878,0.2663,0.2662767524690344,45.64684677124024,0.0735328707551838,0.2282646573313858,0.0175,0.9479,0.9478952461931875,41.43844604492188,11.4119,67.33773803710938,0.2283,0.8313922228049556,31.76121711730957,11.4119,41.4384,0.7334955358282251,0.8785,67.3377,0.75,0.0851,0.9946,0.1037,25.3872,1,0.9291,0.5395,31.7612,0.8314,89.99170684814453,0.0735,0.1037,0.623,0.9290966989521128,0.5395,0.0174878984689712,0.2663,0.5395303912298641,0.0175,45.6468,0.623,25.38716125488281,0.7335,89.9917,8.464506149291992,0.7335,0.0735,41.4384,0.8314,0.9291,8.4645,45.6468,0.9946,0.75,FM,FM,IM
trial_90.csv,val,280,0.7778104404089601,0.0142191443592309,0.130412146449089,0.2406,0.7132377041440399,10.0703,1,28.035,0.0142,97.7639,0.891,0.9421,0.1304,0.9944123895136326,125.17,48.3527,1,0.0142,0.1536968350410461,14.066906929016112,0.8909676380122925,0.2385,0.2385019829675167,63.31038665771485,0.0747503215369445,0.2405982464875302,0.0219,0.9421,0.9421124851933452,46.70724487304688,14.0669,97.76393127441406,0.2406,0.8572370768303017,48.35274887084961,14.0669,46.7072,0.7917318356376293,0.891,97.7639,0.7778,0.1304,0.9944,0.1537,28.035,1,0.9431,0.6268,48.3527,0.8572,125.16999816894533,0.0748,0.1537,0.7132,0.9431168013257748,0.6268,0.0219422094523906,0.2385,0.6268495202020787,0.0219,63.3104,0.7132,28.035009384155277,0.7917,125.17,10.070338249206545,0.7917,0.0748,46.7072,0.8572,0.9431,10.0703,63.3104,0.9944,0.7778,FM,FM,IM
trial_93.csv,val,280,0.7179681008083707,0.0137227782979607,0.1270083338022232,0.3303,0.8117208196178954,10.147,1,14.9057,0.0137,79.1679,0.892,0.8909,0.127,0.9786680639574994,102.2499,46.5562,1,0.0137,0.156174898147583,17.213285446166992,0.8919537176250985,0.1361,0.1360716565491131,61.03311538696289,0.1460545697643996,0.3302979259279538,0.0343,0.8909,0.8909032845440521,20.51446533203125,17.2133,79.16785430908203,0.3303,0.7800712403346335,46.55621337890625,17.2133,20.5145,0.7820476815307751,0.892,79.1679,0.718,0.127,0.9787,0.1562,14.9057,1,0.9815,0.7994,46.5562,0.7801,102.2499008178711,0.1461,0.1562,0.8117,0.9814845013539824,0.7994,0.0343473516404628,0.1361,0.7993693375940589,0.0343,61.0331,0.8117,14.905658721923828,0.782,102.2499,10.147034645080566,0.782,0.1461,20.5145,0.7801,0.9815,10.147,61.0331,0.9787,0.718,FM,FM,IM
trial_94.csv,val,280,0.7796327830618233,0.0223259422928094,0.1359751224517822,0.2643,0.8284892735453844,10.1338,1,15.482,0.0223,90.2686,0.8358,0.9302,0.136,0.9654353379700904,126.5876,50.303,1,0.0223,0.1810202449560165,15.19442653656006,0.8358086252084352,0.108,0.10804122613496,68.95048522949219,0.1859157410088101,0.2642748985181773,0.0519,0.9302,0.9301587776540567,20.605121612548828,15.1944,90.26856994628906,0.2643,0.7132801130517681,50.303001403808594,15.1944,20.6051,0.7985447002001269,0.8358,90.2686,0.7796,0.136,0.9654,0.181,15.482,1,0.9883,0.8372,50.303,0.7133,126.58755493164062,0.1859,0.181,0.8285,0.9883270935766748,0.8372,0.0519021041691303,0.108,0.8372263243122443,0.0519,68.9505,0.8285,15.482028007507324,0.7985,126.5876,10.133806228637695,0.7985,0.1859,20.6051,0.7133,0.9883,10.1338,68.9505,0.9654,0.7796,FM,FM,IM
== MEDIA per-trial ==,MEDIA_val,24,0.738958986202268,0.01665904143980394,0.10824132586518924,0.2723,0.7179271155616759,9.7847,1,18.7065,0.0167,69.0332,0.8374,0.9246,0.1082,0.9785647144798135,92.4953,41.0428,1,0.0167,0.1352137280628085,14.568391799926758,0.8373696088134039,0.1796,0.1796222237363491,56.7551163037618,0.1390319768904309,0.2722625688459966,0.0344,0.9246,0.9246297759257335,27.380970040957134,14.5684,69.0331981976827,0.2723,0.7320414180337952,41.04280686378479,14.5684,27.381,0.7528597733225242,0.8374,69.0332,0.739,0.1082,0.9786,0.1352,18.7065,1,0.9608,0.6995,41.0428,0.732,92.4953449567159,0.139,0.1352,0.7179,0.9607572919239885,0.6995,0.0344232942443341,0.1796,0.6995037311602448,0.0344,56.7551,0.7179,18.70647664864858,0.7529,92.4953,9.784716844558716,0.7529,0.139,27.381,0.732,0.9608,9.7847,56.7551,0.9786,0.739,FM,FM,IM
== COMPLESSIVO (pooled) ==,POOLED_val,6721,0.7446547650163117,0.016658775508403778,0.1082434132695198,0.2694,0.7290298940543776,9.785,1,18.7059,0.0167,69.0332,0.8461,0.9274,0.1082,0.9798501585128325,95.1426,41.0444,1,0.0167,0.13828445971012115,14.739348411560059,0.8460989449129399,0.1814,0.18137797671340117,57.72321701049805,0.14195015182768994,0.2694052383332656,0.0364,0.9274,0.9274208180018952,30.08564567565918,14.7393,69.03321075439453,0.2694,0.7369901907444446,41.04441452026367,14.7393,30.0856,0.7616007672070209,0.8461,69.0332,0.7447,0.1082,0.9799,0.1383,18.7059,1,0.9671,0.6838,41.0444,0.737,95.1426010131836,0.142,0.1383,0.729,0.9671020345896904,0.6838,0.0363701693713665,0.1814,0.6837836536391273,0.0364,57.7232,0.729,18.705936431884766,0.7616,95.1426,9.784956932067871,0.7616,0.142,30.0856,0.737,0.9671,9.785,57.7232,0.9799,0.7447,FM,FM,IM
