mode,t_ros_sec,t_rel_sec,tail_target_rad,center_rad,tail_amp_rad,tail_freq_hz,phase_rad,real_position_rad,present_current_ma,sensor_values
random_continuous,1790074927.2915945,0.0,0.7764715017491287,0.8670837163845998,0.1150032910933108,0.8571906380359356,5.375778131724665,0.7531845668518499,0.0,"[607.2000122070312, 570.7999877929688]"
random_continuous,1790074927.3916306,0.100036345000035,0.8314241565772464,0.8722139819455486,0.1150032910933108,0.8701302212700546,5.920609252421137,0.7485826244881929,0.0,"[609.5999755859375, 568.2000122070312]"
random_continuous,1790074927.4916463,0.2000523479999856,0.8990944158660652,0.8773432723481996,0.1150032910933108,0.8830673449547003,0.1902811374883981,0.7639224323670493,24.21,"[603.5999755859375, 567.4000244140625]"
random_continuous,1790074927.5916748,0.30008032699993237,0.960977526148554,0.8824733073649655,0.1150032910933108,0.8960063467090482,0.7513498996249268,0.8114758367915041,13.45,"[482.20001220703125, 585.0]"
random_continuous,1790074927.691621,0.4000267220000069,0.9990084753586822,0.8875995343765091,0.1150032910933108,0.9089357438922596,1.3201232326650256,0.8820389530342436,2.69,"[555.4000244140625, 595.0]"
random_continuous,1790074927.7916477,0.5000532139999905,1.0016507842244733,0.8927298488671926,0.1150032910933108,0.9218754505372174,1.8974809602454457,0.940330222973898,2.69,"[549.2000122070312, 591.0]"
random_continuous,1790074927.891639,0.600044597999954,0.9682611845268982,0.8978584900533222,0.1150032910933108,0.9348109367644803,2.482778231746522,0.9863496466104672,2.69,"[537.0, 592.4000244140625]"
random_continuous,1790074927.9915812,0.6999869659999831,0.9105226523553424,0.9029854542933629,0.1150032910933108,0.9477421933893492,3.0760066666725265,0.9970875121256668,-13.45,"[516.4000244140625, 604.4000244140625]"
random_continuous,1790074928.091813,0.8002186799999436,0.8493092125193071,0.9081212124476772,0.1150032910933108,0.9606956300718292,3.678398895145108,0.974077800307382,-34.97,"[513.7999877929688, 594.5999755859375]"
random_continuous,1790074928.1916916,0.9000973249999333,0.8084584568534806,0.9132468453784108,0.1150032910933108,0.9736235288612444,4.287725176769015,0.9249904150950417,-26.9,"[525.4000244140625, 573.2000122070312]"
random_continuous,1790074928.2917194,1.000125281999999,0.805514948090454,0.9183766504664614,0.1150032910933108,0.9865619506881572,4.905676655820514,0.8651651643675016,-16.14,"[558.25, 572.75]"
random_continuous,1790074928.3918211,1.1002267699999493,0.8450283398567988,0.9235093190209778,0.1150032910933108,0.9995075947655035,5.532111899899462,0.8145437983672754,-2.69,"[574.5999755859375, 571.7999877929688]"
random_continuous,1790074928.4916627,1.2000683400000298,0.915132315503426,0.928632661794003,0.1150032910933108,1.0124297173068992,6.165523044939562,0.8053399136399616,2.69,"[585.4000244140625, 576.5999755859375]"
random_continuous,1790074928.5916488,1.3000545969999848,0.991353974762955,0.9337611853230972,0.1150032910933108,1.0253649067789583,0.5245141557935895,0.8298836062461319,21.52,"[574.7999877929688, 582.5999755859375]"
random_continuous,1790074928.691744,1.4001498689999607,1.04501207490046,0.9388924198876668,0.1150032910933108,1.0383069340391924,1.1751643786857713,0.8912428377615575,2.69,"[567.2000122070312, 582.4000244140625]"
random_continuous,1790074928.7917025,1.5001080790000287,1.0550753534882291,0.944021057740004,0.1150032910933108,1.0512424118579462,1.833613542551724,0.9694758579437252,2.69,"[439.0, 588.0]"
random_continuous,1790074928.8916557,1.6000613820000353,1.0179765490238728,0.9491480642422062,0.1150032910933108,1.064173775076665,2.4999759198741813,1.0293011086712651,2.69,"[514.4000244140625, 602.5999755859375]"
random_continuous,1790074928.9916182,1.7000238580000087,0.9504930372183672,0.9542752689252184,0.1150032910933108,1.077105638148083,3.1744866153841613,1.0492428589137786,0.0,"[505.20001220703125, 608.0]"
random_continuous,1790074929.091635,1.800040815999978,0.8839291603844593,0.9594052297267572,0.1150032910933108,1.090044452716389,3.85749017444747,1.0231651855197226,-13.45,"[503.3999938964844, 600.5999755859375]"
random_continuous,1790074929.1916528,1.9000583989999313,0.8510712339007922,0.964534761854604,0.1150032910933108,1.1029821860816151,4.548566847604128,0.9679418771558396,-51.11,"[510.0, 590.2000122070312]"
random_continuous,1790074929.293367,2.0017723480000313,0.8713429317251334,0.9697289037462932,0.1150032910933108,1.116082878538734,5.256658593457964,0.8943107993373288,-2.69,"[541.4000244140625, 583.7999877929688]"
random_continuous,1790074929.3916724,2.1000780130000294,0.937722104534751,0.9747928759297368,0.1150032910933108,1.1288552562615777,5.954979306080226,0.8559612796401878,0.0,"[559.4000244140625, 573.4000244140625]"
random_continuous,1790074929.4917638,2.200169546999973,1.0233615331316113,0.9799229025351036,0.1150032910933108,1.1417942368006493,0.387328765886096,0.8666991451553873,5.38,"[563.2000122070312, 572.2000122070312]"
random_continuous,1790074929.5917523,2.3001582809999945,1.0881122468088065,0.9850529514512008,0.1150032910933108,1.154733273611965,1.110998288440797,0.9173205111556134,18.83,"[556.0, 579.0]"
random_continuous,1790074929.6916258,2.400031639999952,1.1009785056419386,0.9901770804337404,0.1150032910933108,1.1676573791352023,1.8419479568155024,0.9986214929135524,2.69,"[526.5999755859375, 596.0]"
random_continuous,1790074929.7917204,2.500125996999941,1.0563417129771029,0.9953091344944076,0.1150032910933108,1.1806014733328765,2.5821629960359047,1.0661166475805206,26.9,"[502.0, 607.4000244140625]"
random_continuous,1790074929.891744,2.6001496630000247,0.9788838303166116,1.0004385973820629,0.1150032910933108,1.193539032060122,3.3301351225826608,1.0906603401866908,0.0,"[496.3999938964844, 626.5999755859375]"
random_continuous,1790074929.99167,2.7000757849999673,0.9513256348532656,0.999790613139691,0.1176575039267826,0.3758025601691142,3.566148109535689,1.0630486860047492,-8.07,"[400.0, 615.4000244140625]"
random_continuous,1790074930.091628,2.8000338230000352,0.9230343471006152,0.9984928970704448,0.122973087886954,0.3758025601691142,3.802227692820807,0.9986214929135524,-51.11,"[493.6000061035156, 608.7999877929688]"
random_continuous,1790074930.19182,2.900225532000036,0.8969246165175495,0.99719298904758,0.1282976503238294,0.3758025601691142,4.03870603474742,0.9526020692769832,-2.69,"[510.79998779296875, 603.7999877929688]"
random_continuous,1790074930.2917736,3.000179137000032,0.8748782445297486,0.9958956603930308,0.1336116473919232,0.3758025601691142,4.27471513982654,0.9265243958829272,-21.52,"[524.5999755859375, 595.0]"
random_continuous,1790074930.391652,3.1000577249999424,0.858490936445576,0.9945986145766498,0.1389244859245979,0.3758025601691142,4.510672791187417,0.9004467224888714,-24.21,"[554.0, 585.4000244140625]"
random_continuous,1790074930.4915986,3.2000043650000407,0.8491469474795521,0.9933011286224928,0.144239127308726,0.3758025601691142,4.746710512099426,0.8743690490948155,-18.83,"[568.2000122070312, 587.4000244140625]"
random_continuous,1790074930.591699,3.3001045629999908,0.8478851533142368,0.992002462577315,0.149558602472023,0.3758025601691142,4.982962914329519,0.8559612796401878,-16.14,"[558.5999755859375, 574.4000244140625]"
random_continuous,1790074930.6917188,3.4001243300000397,0.8552910160015138,0.9907042931051572,0.1548760436190643,0.3758025601691142,5.219124980349889,0.8482913757007595,0.0,"[567.7999877929688, 595.4000244140625]"
random_continuous,1790074930.7917888,3.5001945169999544,0.8714271422011756,0.9894057837495468,0.1601948769651161,0.3758025601691142,5.455348877725456,0.8467573949128739,-2.69,"[563.2000122070312, 583.2000122070312]"
random_continuous,1790074930.8917365,3.6001418079999894,0.8957847481657659,0.9881079881803349,0.1655107865656594,0.3758025601691142,5.691442923587502,0.8498253564886452,16.14,"[564.2000122070312, 570.7999877929688]"
random_continuous,1790074930.9918723,3.700278252999965,0.927349530291227,0.9868094105521004,0.17082989956369,0.3758025601691142,5.927679241070464,0.8651651643675016,2.69,"[550.4000244140625, 578.7999877929688]"
random_continuous,1790074931.0917835,3.800189146999969,0.9645188522819824,0.985511904752156,0.1761446222382878,0.3758025601691142,6.163720572314006,0.8881748761857863,2.69,"[551.2000122070312, 568.7999877929688]"
random_continuous,1790074931.1917477,3.900153472999932,1.005324345371711,0.9842142776060576,0.1814598419597253,0.3758025601691142,0.1165986715837945,0.9173205111556134,2.69,"[538.75, 595.5]"
random_continuous,1790074931.2918098,4.000215592000018,1.0474565129487785,0.9829157754021992,0.1867786460114363,0.3758025601691142,0.3528212679176405,0.9556700308527544,2.69,"[513.0, 584.7999877929688]"
random_continuous,1790074931.3917696,4.1001754669999855,1.0883296321773095,0.9816176195586064,0.192096031334417,0.3758025601691142,0.5889808546390825,0.9909515889741242,13.45,"[520.4000244140625, 586.7999877929688]"
random_continuous,1790074931.4917006,4.200106305999952,1.125321780893072,0.980320452538848,0.1974093663291018,0.3758025601691142,0.8249605552324439,1.0323690702470365,10.76,"[505.3999938964844, 587.2000122070312]"
random_continuous,1790074931.591579,4.299984636999966,1.1559557601212356,0.9790236204702968,0.2027213293277807,0.3758025601691142,1.0608793217403374,1.0737865515199487,45.73,"[499.0, 589.5999755859375]"
random_continuous,1790074931.6916668,4.400072534999936,1.1780212123139402,0.9777251606318088,0.2080399598463973,0.3758025601691142,1.2970942109965264,1.1106020904292042,56.49,"[411.79998779296875, 629.2000122070312]"
random_continuous,1790074931.7917297,4.500135513000032,1.189637788787845,0.9764261738221124,0.2133607488955053,0.3758025601691142,1.533404966479445,1.1397477253990314,78.01,"[477.0, 632.0]"
random_continuous,1790074931.891709,4.600115025000036,1.189504861734878,0.9751289198001856,0.2186744402603878,0.3758025601691142,1.7694004944452146,1.1642914180052018,91.46,"[470.79998779296875, 638.5999755859375]"
random_continuous,1790074931.991627,4.700032612999962,1.176993100249651,0.9738313569160189,0.2239893967580729,0.3758025601691142,2.0054522104097643,1.1780972450961724,104.91,"[467.79998779296875, 651.4000244140625]"
random_continuous,1790074932.0915558,4.799961716999974,1.15217383363462,0.9725340943535242,0.2293031231060345,0.3758025601691142,2.241449292069426,1.179631225884058,59.18,"[455.79998779296875, 678.4000244140625]"
random_continuous,1790074932.191679,4.900084798999956,1.115794529633782,0.971235052341646,0.2346241382691891,0.3758025601691142,2.477770089894072,1.175029283520401,-2.69,"[456.79998779296875, 658.4000244140625]"
random_continuous,1790074932.291716,5.000121721000028,1.069442140228579,0.9699366556618264,0.2399425100831388,0.3758025601691142,2.713973489369998,1.1520195717021164,-2.69,"[462.3999938964844, 649.2000122070312]"
random_continuous,1790074932.3916917,5.100097213000026,1.0153245325360196,0.9686388413630714,0.2452584964018951,0.3758025601691142,2.9500709424970566,1.1167380135807468,-2.69,"[455.79998779296875, 652.0]"
random_continuous,1790074932.4916496,5.2000552199999674,0.9561948636501,0.9673414483167933,0.2505727572254055,0.3758025601691142,3.186091761673758,1.0737865515199487,-2.69,"[470.0, 661.0]"
random_continuous,1790074932.5916357,5.300041136000004,0.8951855164965059,0.966043738101342,0.2558883172078057,0.3758025601691142,3.422170280040625,1.0246991663076084,-34.97,"[466.20001220703125, 647.5999755859375]"
random_continuous,1790074932.691656,5.400061832999995,0.8356994644121898,0.964745616355122,0.2612055628642958,0.3758025601691142,3.658323663791741,0.9710098387316108,-61.87,"[484.20001220703125, 658.2000122070312]"
random_continuous,1790074932.7915714,5.499977056000034,0.7812420086126536,0.963448222594968,0.2665198266119172,0.3758025601691142,3.894344612836555,0.906582645640414,-26.9,"[530.7999877929688, 621.7999877929688]"
random_continuous,1790074932.8916042,5.600009654000019,0.7350514941563571,0.962150127392002,0.2718369635443973,0.3758025601691142,4.130493167857928,0.8436894333371027,-5.38,"[447.3999938964844, 618.5999755859375]"
random_continuous,1790074932.991675,5.700080515999957,0.7000903322751909,0.960851626771654,0.2771557611098797,0.3758025601691142,4.366715476120696,0.7884661249732196,-8.07,"[588.4000244140625, 612.2000122070312]"
random_continuous,1790074933.0916374,5.8000430299999834,0.6787772860942207,0.95955391634853,0.2824713219429293,0.3758025601691142,4.602794032267518,0.7409127205487647,-5.38,"[625.2000122070312, 588.2000122070312]"
random_continuous,1790074933.191641,5.90004697400002,0.6727687221805967,0.9582559178564624,0.2877880627372149,0.3758025601691142,4.838924993710968,0.701029220063738,-2.69,"[628.7999877929688, 597.4000244140625]"
random_continuous,1790074933.291596,6.000001539999971,0.6829124978292591,0.9569583393838136,0.2931030830869923,0.3758025601691142,5.074979545520925,0.6780195082454534,-18.83,"[643.0, 595.5999755859375]"
random_continuous,1790074933.3916166,6.100022290999959,0.7091526655998517,0.9556601861750766,0.2984204576173198,0.3758025601691142,5.31113865291092,0.6749515466696822,-13.45,"[642.7999877929688, 605.4000244140625]"
random_continuous,1790074933.491635,6.200040801,0.7504764408569903,0.95436211358255,0.3037375019350188,0.3758025601691142,5.547283094657466,0.6780195082454534,0.0,"[631.5999755859375, 586.0]"
random_continuous,1790074933.591611,6.300016461000041,0.8049471744573315,0.953064341233819,0.3090533164219857,0.3758025601691142,5.783372916266778,0.6979612584879668,13.45,"[630.5999755859375, 574.5999755859375]"
random_continuous,1790074933.691569,6.399974755000017,0.8698069588086933,0.9517667768959392,0.3143682788742351,0.3758025601691142,6.0194248966896495,0.7378447589729934,10.76,"[612.0, 615.7999877929688]"
random_continuous,1790074933.7916708,6.5000766370000065,0.9416956867986116,0.9504677523935224,0.3196892223167611,0.3758025601691142,6.255742509205554,0.7838641826095626,24.21,"[591.5999755859375, 621.7999877929688]"
random_continuous,1790074933.891626,6.600031852000029,1.0164726266135964,0.9491702876350304,0.3250037768811769,0.3758025601691142,0.2085910670374176,0.8482913757007595,5.38,"[570.7999877929688, 605.4000244140625]"
random_continuous,1790074933.9915874,6.699993235999955,1.2066310774207731,0.8907330144724053,0.4979350329665952,1.1488796553795542,0.6872530681015121,0.9203884727313848,2.69,"[551.0, 612.5999755859375]"
random_continuous,1790074934.0915544,6.799960050999971,1.382164702329343,0.8907330144724053,0.4979350329665952,1.1488796553795542,1.4089991747681267,0.9986214929135524,29.59,"[515.0, 609.7999877929688]"
random_continuous,1790074934.1916316,6.900037109999971,1.3125101063725944,0.8907330144724053,0.4979350329665952,1.1488796553795542,2.1311777275289785,1.125941898308061,88.77,"[488.20001220703125, 621.2000122070312]"
random_continuous,1790074934.291556,6.999961568999993,1.032567989437115,0.8907330144724053,0.4979350329665952,1.1488796553795542,2.852746523140325,1.303883669702795,102.22,"[450.79998779296875, 702.7999877929688]"
random_continuous,1790074934.3916328,7.100038396999935,0.6816431897872137,0.8907330144724053,0.4979350329665952,1.1488796553795542,3.574943064711846,1.3115535736422232,-29.59,"[433.3999938964844, 707.2000122070312]"
random_continuous,1790074934.4916153,7.200020934000008,0.43519678864012,0.8907330144724053,0.4979350329665952,1.1488796553795542,4.296730736214016,1.1013982057018905,-67.25,"[445.79998779296875, 695.7999877929688]"
random_continuous,1790074934.591654,7.300059801999964,0.4159736823778865,0.8907330144724053,0.4979350329665952,1.1488796553795542,5.018686955362995,0.786932144185334,-8.07,"[577.2000122070312, 656.7999877929688]"
random_continuous,1790074934.69163,7.400035657999979,0.6335786990679042,0.8907330144724053,0.4979350329665952,1.1488796553795542,5.740495149413022,0.5138835639416898,-48.42,"[697.0, 521.5999755859375]"
random_continuous,1790074934.7916422,7.500047924,0.9794882872143256,0.8907330144724053,0.4979350329665952,1.1488796553795542,0.1792043204932909,0.4264466590322082,24.21,"[714.0, 427.3999938964844]"
random_continuous,1790074934.8916464,7.600051961999952,1.281115841521829,0.8907330144724053,0.4979350329665952,1.1488796553795542,0.90108925573265,0.5706408530934585,96.84,"[697.7999877929688, 442.79998779296875]"
random_continuous,1790074934.9917157,7.700121281999941,1.3879876113305891,0.8907330144724053,0.4979350329665952,1.1488796553795542,1.6230806873282475,0.8620972027917303,2.69,"[610.4000244140625, 617.2000122070312]"
random_continuous,1790074935.091725,7.800130744999933,1.2467011687175713,0.8907330144724053,0.4979350329665952,1.1488796553795542,2.345127659015425,1.1765632643082868,32.28,"[493.79998779296875, 673.7999877929688]"
random_continuous,1790074935.1916916,7.900097416999984,0.9278605409545788,0.8907330144724053,0.4979350329665952,1.1488796553795542,3.0669603963861576,1.3284273623089653,61.87,"[454.3999938964844, 710.0]"
random_continuous,1790074935.291639,8.000044903000003,0.5905842496526843,0.8907330144724053,0.4979350329665952,1.1488796553795542,3.7885820828538,1.2578642460662257,-32.28,"[452.0, 703.0]"
random_continuous,1790074935.3917007,8.100106549999964,0.4028694218801105,0.8907330144724053,0.4979350329665952,1.1488796553795542,4.510919531961072,1.0277671278833795,-94.15,"[468.20001220703125, 687.0]"
random_continuous,1790074935.4923224,8.200728184000013,0.4592591745389888,0.8907330144724053,0.4979350329665952,1.1488796553795542,5.234984939133547,0.6887573737606529,-2.69,"[635.5999755859375, 616.7999877929688]"
random_continuous,1790074935.596034,8.30443986900002,0.7445913383854552,0.8907330144724053,0.4979350329665952,1.1488796553795542,5.985304011748276,0.4632621979414636,-91.46,"[712.5999755859375, 475.3999938964844]"
random_continuous,1790074935.691715,8.400120677000018,1.081559659048526,0.8907330144724053,0.4979350329665952,1.1488796553795542,0.3932972817904527,0.4479223900626072,21.52,"[707.0, 426.3999938964844]"
random_continuous,1790074935.7916565,8.500062029999981,1.337787301338115,0.8907330144724053,0.4979350329665952,1.1488796553795542,1.1147858351799158,0.6320000846088841,164.09,"[539.2000122070312, 489.79998779296875]"
random_continuous,1790074935.8916788,8.600084495000033,1.3711570819603207,0.8907330144724053,0.4979350329665952,1.1488796553795542,1.8367859724356064,0.9710098387316108,2.69,"[571.7999877929688, 659.4000244140625]"
random_continuous,1790074935.991614,8.700019752000003,1.1649675056006898,0.8907330144724053,0.4979350329665952,1.1488796553795542,2.558337890904383,1.2501943421267976,115.67,"[477.0, 692.5999755859375]"
random_continuous,1790074936.0916488,8.800054436999972,0.8218626985351124,0.8907330144724053,0.4979350329665952,1.1488796553795542,3.28034933252529,1.3437671701878218,0.0,"[450.0, 716.5999755859375]"
random_continuous,1790074936.191592,8.899997732999964,0.513270232257231,0.8907330144724053,0.4979350329665952,1.1488796553795542,4.001920293723558,1.2287186110963986,-59.18,"[447.0, 698.2000122070312]"
random_continuous,1790074936.291652,9.000057513999991,0.3928321741823045,0.8907330144724053,0.4979350329665952,1.1488796553795542,4.724108172946487,0.9341942998223556,-110.29,"[507.0, 670.2000122070312]"
random_continuous,1790074936.391577,9.099982663999981,0.5207509571596627,0.8907330144724053,0.4979350329665952,1.1488796553795542,5.44559468346533,0.5936505649117432,-2.69,"[685.4000244140625, 587.0]"
random_continuous,1790074936.49157,9.199975684000037,0.8332246734700521,0.8907330144724053,0.4979350329665952,1.1488796553795542,6.167433332889047,0.4387185053352934,-43.04,"[711.7999877929688, 443.79998779296875]"
random_continuous,1790074936.591576,9.299981502000037,1.1743966586940526,0.8907330144724053,0.4979350329665952,1.1488796553795542,0.6061164808306998,0.4924078329112908,37.66,"[696.0, 430.0]"
random_continuous,1790074936.691661,9.40006653699993,1.3741091004156871,0.8907330144724053,0.4979350329665952,1.1488796553795542,1.3283824150321593,0.7240389318820226,142.57,"[669.7999877929688, 556.5999755859375]"
random_continuous,1790074936.7915523,9.499958417000016,1.3326261551381553,0.8907330144724053,0.4979350329665952,1.1488796553795542,2.049806874260888,1.0783884938836057,2.69,"[526.7999877929688, 671.4000244140625]"
random_continuous,1790074936.8915515,9.599957214000028,1.070781797746004,0.8907330144724053,0.4979350329665952,1.1488796553795542,2.7716189519305985,1.308485612066452,129.12,"[459.0, 703.2000122070312]"
random_continuous,1790074936.9916654,9.700070838999977,0.718866265898984,0.8907330144724053,0.4979350329665952,1.1488796553795542,3.494000824448925,1.337631247036279,-2.69,"[448.20001220703125, 716.0]"
random_continuous,1790074937.091643,9.800048845999981,0.4529474216636674,0.8907330144724053,0.4979350329665952,1.1488796553795542,4.21577785569982,1.1535535524900022,-75.32,"[443.20001220703125, 710.0]"
random_continuous,1790074937.191674,9.900079644000016,0.4053908898597958,0.8907330144724053,0.4979350329665952,1.1488796553795542,4.937766832963028,0.8160777791551611,-8.07,"[568.2000122070312, 646.4000244140625]"
random_continuous,1790074937.291746,10.000151795999955,0.6001799312491906,0.8907330144724053,0.4979350329665952,1.1488796553795542,5.660133748492648,0.516951525517461,-37.66,"[702.4000244140625, 531.2000122070312]"
random_continuous,1790074937.391773,10.100178787999994,0.9399478781190868,0.8907330144724053,0.4979350329665952,1.1488796553795542,0.0989995564898436,0.4157087935170087,18.83,"[707.4000244140625, 416.3999938964844]"
random_continuous,1790074937.4916513,10.200056904000007,1.2548286396090087,0.8907330144724053,0.4979350329665952,1.1488796553795542,0.820095683835234,0.5338253141842031,78.01,"[702.4000244140625, 433.6000061035156]"
random_continuous,1790074937.591612,10.300017325999988,1.388457927589232,0.8907330144724053,0.4979350329665952,1.1488796553795542,1.5417442308014415,0.8329515678219032,2.69,"[627.4000244140625, 617.2000122070312]"
random_continuous,1790074937.6916106,10.40001612499998,1.273882547128914,0.8907330144724053,0.4979350329665952,1.1488796553795542,2.2635708612162944,1.1688933603688585,40.35,"[493.79998779296875, 683.2000122070312]"
random_continuous,1790074937.791649,10.500055060000022,0.9680907256952542,0.8907330144724053,0.4979350329665952,1.1488796553795542,2.985603785461308,1.3330293046726225,126.43,"[453.20001220703125, 717.5999755859375]"
random_continuous,1790074937.8916662,10.600072017000002,0.6237331809956368,0.8907330144724053,0.4979350329665952,1.1488796553795542,3.707538226022052,1.2931458041875956,-26.9,"[441.3999938964844, 718.5999755859375]"
random_continuous,1790074937.9916096,10.700015064000013,0.608617253921466,0.857062650375375,0.2587577530459709,1.1488796553795542,4.429119185014088,1.047708878125893,-96.84,"[468.0, 690.7999877929688]"
random_continuous,1790074938.0916655,10.800071510999942,0.6223694877723843,0.857062650375375,0.2587577530459709,1.1398996927590594,5.14708158627468,0.7148350471547088,-8.07,"[629.2000122070312, 622.0]"
random_continuous,1790074938.192201,10.900606566999954,0.7514173748895904,0.857062650375375,0.2587577530459709,1.1308789095750746,5.862617674668172,0.607456392002714,-37.66,"[695.2000122070312, 538.7999877929688]"
random_continuous,1790074938.2920568,11.000462327000037,0.9297886703473084,0.857062650375375,0.2587577530459709,1.1219140660840483,0.284896705862117,0.6181942575179133,43.04,"[670.4000244140625, 532.5999755859375]"
random_continuous,1790074938.392376,11.100781610000013,1.072945791846343,0.857062650375375,0.2587577530459709,1.112921674026352,0.9868727134293992,0.7117670855789375,26.9,"[656.7999877929688, 571.2000122070312]"
random_continuous,1790074938.4917717,11.20017716999996,1.1143192382781644,0.857062650375375,0.2587577530459709,1.1039893499074955,1.6785650487345052,0.8835729338221293,2.69,"[594.5999755859375, 621.2000122070312]"
random_continuous,1790074938.5916555,11.300061454999991,1.0379713906793082,0.857062650375375,0.2587577530459709,1.0950213717931303,2.3673941217257166,1.026233147095494,2.69,"[535.0, 635.5999755859375]"
random_continuous,1790074938.691743,11.400148384999966,0.8803139265055547,0.857062650375375,0.2587577530459709,1.0860399132635676,3.0516139771379827,1.086058397823034,0.0,"[509.6000061035156, 656.2000122070312]"
random_continuous,1790074938.791673,11.500078580000036,0.7135827393385076,0.857062650375375,0.2587577530459709,1.0770696193893396,3.7293488050890815,1.0446409165501216,-67.25,"[503.79998779296875, 644.0]"
random_continuous,1790074938.8917384,11.600144076999982,0.610659113783272,0.857062650375375,0.2587577530459709,1.0680901545674606,4.402133710294926,0.9188544919434992,-56.49,"[527.5999755859375, 614.4000244140625]"
random_continuous,1790074938.9918272,11.700233040999933,0.614620692480469,0.857062650375375,0.2587577530459709,1.0591089914319172,5.069399731174123,0.7577865092155067,-29.59,"[602.7999877929688, 599.5999755859375]"
random_continuous,1790074939.091715,11.80012083400004,0.7211030503859004,0.857062650375375,0.2587577530459709,1.0501422661615911,5.729962554322334,0.6350680461846554,-2.69,"[655.5999755859375, 581.0]"
random_continuous,1790074939.191733,11.900138492999986,0.8835325857749232,0.857062650375375,0.2587577530459709,1.0411650179168543,0.1024754608431095,0.624330180669456,5.38,"[670.2000122070312, 554.7999877929688]"
random_continuous,1790074939.2917323,12.000138077999964,1.033932139133201,0.857062650375375,0.2587577530459709,1.0321869366268637,0.7525921274875174,0.6918253353364242,78.01,"[654.0, 571.2000122070312]"
random_continuous,1790074939.391785,12.10019028299996,1.1119351607860652,0.857062650375375,0.2587577530459709,1.0232057571553392,1.3972872106434835,0.8283496254582462,13.45,"[606.2000122070312, 608.0]"
random_continuous,1790074939.491774,12.20017963500004,1.0883535097161945,0.857062650375375,0.2587577530459709,1.0142331377375926,2.0357308290092107,0.9817477042468103,2.69,"[546.4000244140625, 627.5999755859375]"
random_continuous,1790074939.5917242,12.300129807999951,0.9749547340308218,0.857062650375375,0.2587577530459709,1.0052605348353518,2.668537632370956,1.0875923786109196,10.76,"[510.3999938964844, 639.0]"
random_continuous,1790074939.6917267,12.400132417999998,0.817202836823129,0.857062650375375,0.2587577530459709,0.9962801158845,3.296251445665078,1.0921943209745766,-2.69,"[493.6000061035156, 652.2000122070312]"
random_continuous,1790074939.7917016,12.500107276999984,0.675804060487047,0.857062650375375,0.2587577530459709,0.9873089392390066,3.917683945113552,1.0108933392166377,-104.91,"[497.0, 638.0]"
random_continuous,1790074939.8917005,12.60010634899993,0.6024258123961332,0.857062650375375,0.2587577530459709,0.9783348477878582,4.533681304431596,0.8605632220038447,-2.69,"[547.2000122070312, 610.0]"
random_continuous,1790074939.9915895,12.699995202999958,0.6220172153998929,0.857062650375375,0.2587577530459709,0.9693637710431734,5.143837533229728,0.7117670855789375,-26.9,"[631.2000122070312, 590.7999877929688]"
random_continuous,1790074940.09155,12.799955460999968,0.7252211453063764,0.857062650375375,0.2587577530459709,0.960389679143239,5.748561798253107,0.6151262959421421,-2.69,"[668.5999755859375, 574.4000244140625]"
random_continuous,1790074940.1916757,12.900081340000042,0.873876934831462,0.857062650375375,0.2587577530459709,0.9514070883148026,0.0650266121964975,0.6105243535784852,10.76,"[670.5999755859375, 540.0]"
random_continuous,1790074940.291712,13.000117803999956,1.0154838117954643,0.857062650375375,0.2587577530459709,0.9424266506045051,0.6588871777120673,0.6872233929727672,69.94,"[661.7999877929688, 556.2000122070312]"
random_continuous,1790074940.3916683,13.100074110000037,1.102322136495684,0.857062650375375,0.2587577530459709,0.9334574445988644,1.246371877654319,0.8375535101855601,2.69,"[605.7999877929688, 595.4000244140625]"
random_continuous,1790074940.4916277,13.20003322599996,1.1072709467165869,0.857062650375375,0.2587577530459709,0.9244828654917644,1.8285712418264024,0.974077800307382,2.69,"[549.7999877929688, 614.2000122070312]"
random_continuous,1790074940.5917933,13.300198923000039,1.0307254277587226,0.857062650375375,0.2587577530459709,0.9154970878007662,2.4058466429595957,1.0722525707320631,13.45,"[512.0, 629.7999877929688]"
random_continuous,1790074940.6917577,13.400163335999991,0.8995498067387001,0.857062650375375,0.2587577530459709,0.906524308254507,2.9766491003728603,1.0998642249140047,-29.59,"[498.0, 644.5999755859375]"
random_continuous,1790074940.7918017,13.50020723800003,0.756163824494496,0.857062650375375,0.2587577530459709,0.8975461145873365,3.542154167386734,1.0492428589137786,-43.04,"[482.3999938964844, 644.5999755859375]"
random_continuous,1790074940.891667,13.600072513999976,0.6451199293095347,0.857062650375375,0.2587577530459709,0.8885779767034979,4.10139424560014,0.9326603190344698,-59.18,"[520.2000122070312, 619.5999755859375]"
random_continuous,1790074940.9916658,13.700071536999985,0.5987234440078326,0.857062650375375,0.2587577530459709,0.8796016842931307,4.655503841917316,0.7915340865489908,-37.66,"[594.5999755859375, 600.2000122070312]"
random_continuous,1790074941.0916903,13.80009639900004,0.6289532837393735,0.857062650375375,0.2587577530459709,0.8706243257356295,5.204037807604372,0.6718835850939109,-2.69,"[646.5999755859375, 582.4000244140625]"
random_continuous,1790074941.1916854,13.900091129999964,0.7248257071143794,0.857062650375375,0.2587577530459709,0.8616493894809234,5.7467848160831,0.607456392002714,-18.83,"[676.0, 554.5999755859375]"
random_continuous,1790074941.2917209,14.000126404999946,0.8572856147285357,0.857062650375375,0.2587577530459709,0.8526718641528167,0.000861672271327,0.619728238305799,21.52,"[658.7999877929688, 537.5999755859375]"
random_continuous,1790074941.3917594,14.100165070000003,0.9884564391120958,0.857062650375375,0.2587577530459709,0.8436920945123114,0.532613858216024,0.6872233929727672,48.42,"[644.5999755859375, 553.5999755859375]"
random_continuous,1790074941.4916832,14.20008888999996,1.0825582405543142,0.857062650375375,0.2587577530459709,0.8347219865271737,1.0581598949248985,0.8130098175793898,10.76,"[600.0, 587.5999755859375]"
random_continuous,1790074941.5916646,14.300070086999995,1.1158129591767183,0.857062650375375,0.2587577530459709,0.8257465154934938,1.5783817474777209,0.9541360500648688,2.69,"[547.4000244140625, 606.2000122070312]"
random_continuous,1790074941.6916451,14.400050731999954,1.0813422914191284,0.857062650375375,0.2587577530459709,0.8167715861501624,2.092933558643523,1.056912762853207,8.07,"[502.3999938964844, 626.5999755859375]"
random_continuous,1790074941.791703,14.500108501,0.9900208947132698,0.857062650375375,0.2587577530459709,0.8077948928799603,2.601946000229105,1.1013982057018905,40.35,"[498.6000061035156, 645.5999755859375]"
random_continuous,1790074941.8916647,14.60007051499997,0.86645586903545,0.857062650375375,0.2587577530459709,0.7988188146325028,3.1052834694102387,1.0845244170351482,-10.76,"[485.20001220703125, 643.0]"
random_continuous,1790074941.9916182,14.700023816999988,1.0364510912153686,1.1228460943938074,0.2587577530459709,0.4044832758749666,3.4820134048015063,1.0078253776408663,-91.46,"[497.6000061035156, 640.2000122070312]"
random_continuous,1790074942.0916336,14.800039295000033,0.9785963679091898,1.1228460943938074,0.2575141607076029,0.4044832758749666,3.736174373604314,0.8989127417009857,-5.38,"[546.4000244140625, 606.0]"
random_continuous,1790074942.1916597,14.900065054000038,0.9305222907532408,1.1228460943938074,0.2562704043750088,0.4044832758749666,3.9903688589626256,0.9173205111556134,2.69,"[566.2000122070312, 600.5999755859375]"
random_continuous,1790074942.2916198,15.000025261000019,0.895237373418978,1.1228460943938074,0.2550273355671895,0.4044832758749666,4.244422830458149,0.9756117810952678,-34.97,"[512.0, 608.0]"
random_continuous,1790074942.3915415,15.099947420000035,0.8748475071203794,1.1228460943938074,0.2537844065921793,0.4044832758749666,4.498448223422798,0.9418642037617836,-51.11,"[517.2000122070312, 599.2000122070312]"
random_continuous,1790074942.4916089,15.200014613000008,0.8705105114606899,1.1228460943938074,0.2525404906176481,0.4044832758749666,4.752675335831242,0.9004467224888714,-2.69,"[542.2000122070312, 587.5999755859375]"
random_continuous,1790074942.59161,15.30001577400003,0.8823653152868455,1.1228460943938074,0.2512968368498378,0.4044832758749666,5.006848859364396,0.8774370106705868,-24.21,"[551.2000122070312, 587.2000122070312]"
random_continuous,1790074942.6916466,15.400052322999954,0.9094963188333962,1.1228460943938074,0.2500529973263593,0.4044832758749666,5.261060346979008,0.8697671067311585,0.0,"[556.4000244140625, 586.0]"
random_continuous,1790074942.791571,15.499976523999976,0.9499828960017962,1.1228460943938074,0.2488100017115959,0.4044832758749666,5.515099359538596,0.8759030298827011,2.69,"[553.7999877929688, 585.7999877929688]"
random_continuous,1790074942.8915646,15.59997037100004,1.0011344111778535,1.1228460943938074,0.2475665954149021,0.4044832758749666,5.769222305807631,0.9019807032767572,2.69,"[547.4000244140625, 584.5999755859375]"
random_continuous,1790074942.991654,15.700059764000002,1.059598584756493,1.1228460943938074,0.2463223852629818,0.4044832758749666,6.023509541142317,0.9326603190344698,2.69,"[550.4000244140625, 587.0]"
random_continuous,1790074943.0916448,15.80005044099994,1.121487793375656,1.1228460943938074,0.2450789276341555,0.4044832758749666,6.277642978489126,0.9848156658225816,5.38,"[516.0, 596.2000122070312]"
random_continuous,1790074943.1915731,15.89997890699999,1.1828139784567042,1.1228460943938074,0.2438359914467816,0.4044832758749666,0.248484538311807,1.0446409165501216,13.45,"[503.0, 604.7999877929688]"
random_continuous,1790074943.2916,16.000005604999956,1.2397197275657994,1.1228460943938074,0.2425922633170162,0.4044832758749666,0.5026732596765058,1.0983302441261191,64.56,"[493.0, 622.5999755859375]"
random_continuous,1790074943.3916442,16.100049838000018,1.2885730903826031,1.1228460943938074,0.2413483477901484,0.4044832758749666,0.7569002805929657,1.1550875332778878,78.01,"[474.6000061035156, 644.0]"
random_continuous,1790074943.491717,16.20012292399997,1.326317147570076,1.1228460943938074,0.24010446621113,0.4044832758749666,1.0111203633690664,1.2118448224296563,110.29,"[448.0, 671.4000244140625]"
random_continuous,1790074943.591745,16.300150312000028,1.350647803940233,1.1228460943938074,0.2388607309063058,0.4044832758749666,1.2653105511470883,1.265534150005654,126.43,"[434.0, 688.7999877929688]"
random_continuous,1790074943.691758,16.400163650999957,1.3601503381463973,1.1228460943938074,0.23761713436487,0.4044832758749666,1.519472378958092,1.302349688914909,150.64,"[437.0, 699.7999877929688]"
random_continuous,1790074943.7930117,16.50141732299994,1.354208827460193,1.1228460943938074,0.2363582502364404,0.4044832758749666,1.7767586292997135,1.3268933815210795,180.23,"[435.6000061035156, 702.0]"
random_continuous,1790074943.891752,16.600157620999994,1.3338504745753084,1.1228460943938074,0.2351300937986181,0.4044832758749666,2.0277648637769587,1.337631247036279,182.92,"[443.0, 705.2000122070312]"
random_continuous,1790074943.9916854,16.700091100999998,1.3000610867456872,1.1228460943938074,0.2338870240208606,0.4044832758749666,2.281819033505492,1.3391652278241648,104.91,"[428.0, 703.7999877929688]"
random_continuous,1790074944.0916722,16.80007776499997,1.2552918720466577,1.1228460943938074,0.2326436790541277,0.4044832758749666,2.5359294453759347,1.3299613430968509,40.35,"[428.0, 703.5999755859375]"
random_continuous,1790074944.1916542,16.900059880999947,1.2025272856019082,1.1228460943938074,0.231400268977161,0.4044832758749666,2.7900531642434387,1.302349688914909,-2.69,"[428.6000061035156, 700.5999755859375]"
random_continuous,1790074944.2916682,17.00007385899994,1.145222570405476,1.1228460943938074,0.2301566673373304,0.4044832758749666,3.0442160340461517,1.260932207641997,-2.69,"[428.6000061035156, 692.5999755859375]"
random_continuous,1790074944.3917756,17.100181371999952,1.0870712173920236,1.1228460943938074,0.2289123856710946,0.4044832758749666,3.2985178852217203,1.2087768608538851,-2.69,"[428.3999938964844, 693.0]"
random_continuous,1790074944.4917672,17.200172855999995,1.0318480075622287,1.1228460943938074,0.2276683096442663,0.4044832758749666,3.552777708547985,1.1550875332778878,-2.69,"[434.20001220703125, 692.7999877929688]"
random_continuous,1790074944.5916896,17.300095263000003,0.9831132334506848,1.1228460943938074,0.2264260087666428,0.4044832758749666,3.806674733207622,1.1013982057018905,-18.83,"[458.20001220703125, 676.5999755859375]"
random_continuous,1790074944.6916528,17.4000585,0.9438019678638312,1.1228460943938074,0.2251827134657385,0.4044832758749666,4.060774994552851,1.0415729549743504,-29.59,"[470.0, 687.4000244140625]"
random_continuous,1790074944.7915812,17.499986664999938,0.9163735994456468,1.1228460943938074,0.2239397485035199,0.4044832758749666,4.31480774245518,0.9878836273983528,-34.97,"[495.0, 655.4000244140625]"
random_continuous,1790074944.8916757,17.600081209999985,0.9024332659483392,1.1228460943938074,0.2226955921707546,0.4044832758749666,4.569083978422334,0.949534107701212,-21.52,"[518.4000244140625, 645.7999877929688]"
random_continuous,1790074944.9916935,17.70009922500003,0.902754103564218,1.1228460943938074,0.2214518856780788,0.4044832758749666,4.823268277676,0.9203884727313848,-21.52,"[540.5999755859375, 636.0]"
random_continuous,1790074945.0916705,17.80007612700001,0.9171432583917788,1.1228460943938074,0.2202085405248199,0.4044832758749666,5.077378727667913,0.9035146840646426,-18.83,"[548.0, 630.5999755859375]"
random_continuous,1790074945.1916966,17.900102436999987,0.9445265345198868,1.1228460943938074,0.2189649750214174,0.4044832758749666,5.331534212036225,0.9019807032767572,-5.38,"[547.0, 631.5999755859375]"
random_continuous,1790074945.2917502,18.000155941999992,0.983017889762439,1.1228460943938074,0.2177209979407562,0.4044832758749666,5.5857738130974965,0.9111845880040708,0.0,"[544.4000244140625, 634.0]"
random_continuous,1790074945.391705,18.10011053100004,1.029986919516811,1.1228460943938074,0.216477820263554,0.4044832758749666,5.839850034929789,0.9357282806102412,2.69,"[539.2000122070312, 635.2000122070312]"
random_continuous,1790074945.4916604,18.200066115000027,1.0823564029285893,1.1228460943938074,0.2152345811444747,0.4044832758749666,6.093938814034011,0.9694758579437252,5.38,"[517.4000244140625, 636.7999877929688]"
random_continuous,1790074945.5916486,18.30005427200001,1.1367198137128118,1.1228460943938074,0.2139911641162802,0.4044832758749666,0.0648786463885784,1.0154952815802945,5.38,"[508.20001220703125, 624.2000122070312]"
random_continuous,1790074945.691656,18.400061694999977,1.1895739640969758,1.1228460943938074,0.2127476065340436,0.4044832758749666,0.3190325118576851,1.064582666792635,24.21,"[518.0, 638.4000244140625]"
random_continuous,1790074945.791701,18.500106705999997,1.237553272984634,1.1228460943938074,0.2115038809037343,0.4044832758749666,0.5732207223924064,1.1121360712170898,59.18,"[483.79998779296875, 649.0]"
random_continuous,1790074945.8917103,18.600116062999973,1.2776323077535394,1.1228460943938074,0.2102602667417478,0.4044832758749666,0.8273861514286267,1.167359379580973,78.01,"[466.79998779296875, 663.2000122070312]"
random_continuous,1790074945.9917216,18.700127350999992,1.3392048718742011,1.0936042334921114,0.2782377678577927,0.4044832758749666,1.081578240206099,1.2164467647933137,104.91,"[456.79998779296875, 671.2000122070312]"
random_continuous,1790074946.0917037,18.80010924999999,1.3642355038381262,1.0936042334921114,0.2782377678577927,0.4059427021980991,1.3364308073033584,1.25633026527834,121.05,"[442.6000061035156, 685.0]"
random_continuous,1790074946.1916542,18.90006003999997,1.3717792293290871,1.0936042334921114,0.2782377678577927,0.4074012067924927,1.5920384624451884,1.2992817273391382,137.19,"[424.6000061035156, 697.7999877929688]"
random_continuous,1790074946.29168,19.000085592999994,1.361166707826188,1.0936042334921114,0.2782377678577927,0.4088604975166353,1.848700653778096,1.3360972662483934,182.92,"[425.6000061035156, 702.5999755859375]"
random_continuous,1790074946.3916547,19.100060326999937,1.3328940176802702,1.0936042334921114,0.2782377678577927,0.4103198215276138,2.106285624561778,1.3483691125514785,199.06,"[431.0, 703.5999755859375]"
random_continuous,1790074946.49178,19.20018574100004,1.2886061992624498,1.0936042334921114,0.2782377678577927,0.4117803932477714,2.365009130212101,1.3483691125514785,83.39,"[428.79998779296875, 702.5999755859375]"
random_continuous,1790074946.5916877,19.300093597,1.2312128389792234,1.0936042334921114,0.2782377678577927,0.4132387163770945,2.624250349557869,1.3314953238847365,-2.69,"[426.3999938964844, 703.4000244140625]"
random_continuous,1790074946.6917346,19.400140205999946,1.1642799445337966,1.0936042334921114,0.2782377678577927,0.4146990489894759,2.884766669335576,1.2900778426118242,-2.69,"[429.3999938964844, 697.7999877929688]"
random_continuous,1790074946.7918496,19.500255159999938,1.0923239852031312,1.0936042334921114,0.2782377678577927,0.4161593412519627,3.146193944120668,1.2363885150358267,-2.69,"[429.20001220703125, 696.0]"
random_continuous,1790074946.8916123,19.600018272999932,1.020388808328094,1.0936042334921114,0.2782377678577927,0.4176159056658819,3.407867894727687,1.175029283520401,-2.69,"[436.79998779296875, 688.4000244140625]"
random_continuous,1790074946.9916549,19.700060565999934,0.9530797298917684,1.0936042334921114,0.2782377678577927,0.4190756756124993,3.671034710278136,1.1090681096413186,-13.45,"[449.20001220703125, 678.4000244140625]"
random_continuous,1790074947.091638,19.800043829999936,0.8952855495795435,1.0936042334921114,0.2782377678577927,0.4205349431044431,3.935027881648338,1.0369710126106937,-34.97,"[457.0, 672.5999755859375]"
random_continuous,1790074947.191554,19.89995985099995,0.8511280950844474,1.0936042334921114,0.2782377678577927,0.421993377476888,4.199786278962264,0.9633399347921826,-56.49,"[504.20001220703125, 657.4000244140625]"
random_continuous,1790074947.2915375,19.999943091999967,0.8237953765804308,1.0936042334921114,0.2782377678577927,0.4234526708131944,4.465617364995623,0.9050486648525284,-5.38,"[545.5999755859375, 646.2000122070312]"
random_continuous,1790074947.3917131,20.100118936999934,0.8154233248580529,1.0936042334921114,0.2782377678577927,0.4249132767395543,4.7326058922022725,0.859029241215959,-8.07,"[580.4000244140625, 637.4000244140625]"
random_continuous,1790074947.491676,20.200081695999984,0.8268154506673857,1.0936042334921114,0.2782377678577927,0.4263724821087132,5.0002554078406405,0.8237476830945893,0.0,"[591.7999877929688, 631.7999877929688]"
random_continuous,1790074947.591707,20.30011269800002,0.8573432240519829,1.0936042334921114,0.2782377678577927,0.4278318014207184,5.268842729245179,0.8160777791551611,-5.38,"[594.2000122070312, 627.7999877929688]"
random_continuous,1790074947.6917608,20.40016652299994,0.9050516635504156,1.0936042334921114,0.2782377678577927,0.4292924862811008,5.538599805747808,0.8191457407309324,10.76,"[589.4000244140625, 623.0]"
random_continuous,1790074947.791715,20.500120513999946,0.9665074593071116,1.0936042334921114,0.2782377678577927,0.4307506100834097,5.8087997336480015,0.8452234141249882,2.69,"[578.7999877929688, 622.4000244140625]"
random_continuous,1790074947.8917763,20.600182056999984,1.0375289030492258,1.0936042334921114,0.2782377678577927,0.4322105734030606,6.080257980238102,0.8897088569736719,5.38,"[559.7999877929688, 623.0]"
random_continuous,1790074947.991768,20.700173590999952,1.11290616435007,1.0936042334921114,0.2782377678577927,0.4336704254212148,0.0694278362637632,0.9510680884890976,2.69,"[536.7999877929688, 626.4000244140625]"
random_continuous,1790074948.0917044,20.800110044999997,1.1870114173036403,1.0936042334921114,0.2782377678577927,0.4351284561633903,0.3423588063904716,1.0139613007924089,10.76,"[512.2000122070312, 634.7999877929688]"
random_continuous,1790074948.1916883,20.90009406699994,1.2544609045667738,1.0936042334921114,0.2782377678577927,0.436587686253244,0.6164309078561345,1.086058397823034,26.9,"[497.79998779296875, 649.7999877929688]"
random_continuous,1790074948.2917,21.000105421999933,1.310077841999317,1.0936042334921114,0.2782377678577927,0.4380473545006191,0.8915025975164426,1.158155494853659,86.08,"[480.3999938964844, 661.5999755859375]"
random_continuous,1790074948.3915842,21.099989771999958,1.3494843030607575,1.0936042334921114,0.2782377678577927,0.4395053603032025,1.167176537808551,1.2287186110963986,118.36,"[471.3999938964844, 675.4000244140625]"
random_continuous,1790074948.491663,21.200068690999956,1.369614065092498,1.0936042334921114,0.2782377678577927,0.4409654541288557,1.444162841857029,1.2808739578845103,139.88,"[442.3999938964844, 687.5999755859375]"
random_continuous,1790074948.5916543,21.30006007199995,1.36867137702284,1.0936042334921114,0.2782377678577927,0.4424247045906629,1.7219061258482142,1.3222914391574228,150.64,"[433.6000061035156, 697.5999755859375]"
random_continuous,1790074948.69165,21.40005549800003,1.3465384509093636,1.0936042334921114,0.2782377678577927,0.4438840029907693,2.0005754239944835,1.3437671701878218,209.82,"[428.79998779296875, 699.5999755859375]"
random_continuous,1790074948.7916636,21.500069327999995,1.3047206465669772,1.0936042334921114,0.2782377678577927,0.4453434040532634,2.280181337577538,1.3483691125514785,139.88,"[427.0, 701.2000122070312]"
random_continuous,1790074948.8916707,21.600076315000024,1.2463010899801712,1.0936042334921114,0.2782377678577927,0.4468025997763907,2.5606647106595446,1.342233189399936,-5.38,"[427.0, 708.2000122070312]"
random_continuous,1790074948.9916835,21.70008940799994,1.1756865343911145,1.0936042334921114,0.2782377678577927,0.4482621273901584,2.8421290125214327,1.3069516312785665,-2.69,"[425.79998779296875, 701.0]"
random_continuous,1790074949.0916507,21.800056316999985,1.0983824701579503,1.0936042334921114,0.2782377678577927,0.4497211811371152,3.1244185955909742,1.2532623037025687,-2.69,"[429.3999938964844, 697.0]"
random_continuous,1790074949.1916738,21.90007944499996,1.0204255245293783,1.0936042334921114,0.2782377678577927,0.4511807814536572,3.407731117026593,1.1857671490356003,-2.69,"[438.3999938964844, 695.5999755859375]"
random_continuous,1790074949.2917728,22.000178561999974,0.9480642868211449,1.0936042334921114,0.2782377678577927,0.45264084136497,3.692050629942365,1.1152040327928612,-18.83,"[469.6000061035156, 680.7999877929688]"
random_continuous,1790074949.3917842,22.100189916999966,0.8872427016542882,1.0936042334921114,0.2782377678577927,0.4541002183342721,3.977154256384289,1.043106935762236,-45.73,"[472.3999938964844, 669.2000122070312]"
random_continuous,1790074949.4916656,22.20007126600001,0.8429969243986934,1.0936042334921114,0.2782377678577927,0.4555584952764651,4.262958768408531,0.9633399347921826,-37.66,"[511.3999938964844, 654.4000244140625]"
random_continuous,1790074949.5916646,22.30007009199994,0.8190328607741078,1.0936042334921114,0.2782377678577927,0.4570177408058071,4.549869791202433,0.8943107993373288,-10.76,"[552.4000244140625, 629.0]"
random_continuous,1790074949.691755,22.40016084299998,0.8175539096897741,1.0936042334921114,0.2782377678577927,0.4584778322527869,4.837864895904055,0.8467573949128739,-2.69,"[581.4000244140625, 632.7999877929688]"
random_continuous,1790074949.7918088,22.500214516000028,0.8389112654716312,1.0936042334921114,0.2782377678577927,0.4599377193673226,5.126737366911435,0.8191457407309324,0.0,"[596.4000244140625, 625.0]"
random_continuous,1790074949.8917575,22.60016338799994,0.8815031685546031,1.0936042334921114,0.2782377678577927,0.4613965820907332,5.416323649755519,0.8191457407309324,0.0,"[593.4000244140625, 628.0]"
random_continuous,1790074949.9916854,22.700091281000027,0.9419609937619002,1.0936042334921114,0.2782377678577927,0.4628552155421108,5.706780519455457,0.8298836062461319,10.76,"[590.4000244140625, 626.0]"
random_continuous,1790074950.0916617,22.800067086000013,0.7403444826570441,0.875200933089872,0.478934554324432,0.4634421160985673,5.9977491931307085,0.868233125943273,5.38,"[566.2000122070312, 632.5999755859375]"
random_continuous,1790074950.1916473,22.90005307399997,0.878216397148002,0.875200933089872,0.478934554324432,0.4646160594513968,0.0062962339102909,0.8820389530342436,-145.26,"[586.5999755859375, 623.2000122070312]"
random_continuous,1790074950.2917,23.000105378999933,1.016218249408337,0.875200933089872,0.478934554324432,0.4657904152248456,0.2988691095347917,0.7685243747307062,94.15,"[606.4000244140625, 612.4000244140625]"
random_continuous,1790074950.3916786,23.100084131000017,1.1424788059956028,0.875200933089872,0.478934554324432,0.4669642720902646,0.5920552441130553,0.8436894333371027,5.38,"[588.0, 593.4000244140625]"
random_continuous,1790074950.4916673,23.200072870999975,1.246152046371947,0.875200933089872,0.478934554324432,0.4681381259385456,0.8859780977537071,0.9725438195194964,2.69,"[530.4000244140625, 626.2000122070312]"
random_continuous,1790074950.591669,23.30007467600001,1.3181489815443963,0.875200933089872,0.478934554324432,0.4693121085259243,1.1806708008994633,1.0998642249140047,45.73,"[484.0, 638.2000122070312]"
random_continuous,1790074950.691659,23.400064496000027,1.3519893666152671,0.875200933089872,0.478934554324432,0.4704860579130311,1.476092767632565,1.205708899278114,99.53,"[453.6000061035156, 669.4000244140625]"
random_continuous,1790074950.7916646,23.50007029599999,1.3444484101821543,0.875200933089872,0.478934554324432,0.4716600583801884,1.772265236969872,1.2885438618239389,126.43,"[435.6000061035156, 695.4000244140625]"
random_continuous,1790074950.8916492,23.600054700999976,1.2958877738185848,0.875200933089872,0.478934554324432,0.4728338763632536,2.069129125400707,1.3284273623089653,169.47,"[437.6000061035156, 702.7999877929688]"
random_continuous,1790074950.9916584,23.700063999999998,1.21024089227985,0.875200933089872,0.478934554324432,0.474008052106238,2.3668213142728405,1.3330293046726225,72.63,"[429.20001220703125, 705.5999755859375]"
random_continuous,1790074951.0916443,23.800050279999937,1.0948506526639503,0.875200933089872,0.478934554324432,0.4751818267810307,2.665149254204664,1.2992817273391382,-2.69,"[430.6000061035156, 713.2000122070312]"
random_continuous,1790074951.1917596,23.900165200999936,0.9595878828295904,0.875200933089872,0.478934554324432,0.4763566050361417,2.964470742193555,1.222582687944856,-8.07,"[425.79998779296875, 706.0]"
random_continuous,1790074951.291681,24.000086755999973,0.8166268424300157,0.875200933089872,0.478934554324432,0.4775300919909064,3.264200433835015,1.1213399559444035,-24.21,"[443.79998779296875, 695.4000244140625]"
random_continuous,1790074951.391679,24.100084638999988,0.678523101826912,0.875200933089872,0.478934554324432,0.4787039689079755,3.5647671688184914,1.0032234352772094,-96.84,"[488.79998779296875, 673.4000244140625]"
random_continuous,1790074951.4916768,24.200082436000002,0.5577710411861847,0.875200933089872,0.478934554324432,0.4798780444279362,3.8661224749635608,0.8513593372765309,-21.52,"[566.2000122070312, 640.7999877929688]"
random_continuous,1790074951.591768,24.30017349900004,0.4654110198754493,0.875200933089872,0.478934554324432,0.4810526648291429,4.168355988501446,0.705631162427395,-29.59,"[642.4000244140625, 611.0]"
random_continuous,1790074951.6917603,24.400165845999936,0.4101354815824505,0.875200933089872,0.478934554324432,0.4822265810277201,4.47114597046226,0.5859806609723149,-67.25,"[678.4000244140625, 580.7999877929688]"
random_continuous,1790074951.7916808,24.50008667999998,0.3971913401147363,0.875200933089872,0.478934554324432,0.4834000151884196,4.774548639652096,0.4939418136991764,-86.08,"[693.4000244140625, 477.6000061035156]"
random_continuous,1790074951.8916612,24.600066930000025,0.4280564806546461,0.875200933089872,0.478934554324432,0.4845738354490153,5.078788508026321,0.4264466590322082,-121.05,"[716.7999877929688, 419.79998779296875]"
random_continuous,1790074951.9929285,24.701333986999998,0.5013210377378954,0.875200933089872,0.478934554324432,0.4857619300063484,5.387481329683453,0.4080388895775805,-104.91,"[718.5999755859375, 411.3999938964844]"
random_continuous,1790074952.0917304,24.800135849999947,0.6073370948125172,0.875200933089872,0.478934554324432,0.4869221438497675,5.689654898864831,0.41877675509278,2.69,"[701.5999755859375, 399.20001220703125]"
random_continuous,1790074952.1916907,24.900096171999962,0.7395632219674724,0.875200933089872,0.478934554324432,0.4880957395154619,5.996048735663464,0.4770680250324344,2.69,"[689.4000244140625, 413.79998779296875]"
random_continuous,1790074952.291667,25.000072766000017,0.8848360640354064,0.875200933089872,0.478934554324432,0.4892698111612746,0.020119201905608,0.5706408530934585,45.73,"[674.2000122070312, 473.0]"
random_continuous,1790074952.391732,25.100137768999957,1.0295899635697914,0.875200933089872,0.478934554324432,0.4904442941828611,0.3282208314301797,0.7040971816395093,5.38,"[648.4000244140625, 555.5999755859375]"
random_continuous,1790074952.491786,25.20019188399999,1.1600537206728174,0.875200933089872,0.478934554324432,0.4916184381813157,0.6369714151640338,0.8436894333371027,5.38,"[628.7999877929688, 619.2000122070312]"
random_continuous,1790074952.5917232,25.30012887800001,1.2637553083919495,0.875200933089872,0.478934554324432,0.492792180054991,0.9463536516707692,0.983281685034696,2.69,"[555.5999755859375, 628.0]"
random_continuous,1790074952.69177,25.400175633000003,1.330690544134688,0.875200933089872,0.478934554324432,0.4939664332691871,1.2566085643395937,1.1152040327928612,61.87,"[515.7999877929688, 668.2000122070312]"
random_continuous,1790074952.7917857,25.50019127799999,1.3541330609442608,0.875200933089872,0.478934554324432,0.4951407304725686,1.5676131221323786,1.227184630308513,102.22,"[472.3999938964844, 722.4000244140625]"
random_continuous,1790074952.891692,25.600097548000008,1.3315629921681396,0.875200933089872,0.478934554324432,0.4963138223229794,1.879035154938073,1.2992817273391382,137.19,"[454.3999938964844, 709.0]"
random_continuous,1790074952.9916773,25.70008292700004,1.264819385341822,0.875200933089872,0.478934554324432,0.49748779587068,2.191428736991192,1.3299613430968509,161.4,"[441.6000061035156, 701.0]"
random_continuous,1790074953.0917392,25.800145025000006,1.160037500011481,0.875200933089872,0.478934554324432,0.498662156492684,2.504663367624097,1.3268933815210795,-2.69,"[427.3999938964844, 707.7999877929688]"
random_continuous,1790074953.191687,25.90009269099994,1.027286680561786,0.875200933089872,0.478934554324432,0.4998358141799585,2.818447842239756,1.2686021115814252,-2.69,"[427.79998779296875, 710.7999877929688]"
random_continuous,1790074953.2916949,26.000100534000012,0.879306509532563,0.875200933089872,0.478934554324432,0.5010096607025774,3.133020236565507,1.1826991874598294,-13.45,"[440.0, 714.5999755859375]"
random_continuous,1790074953.3918085,26.100213932999964,0.7304474853884182,0.875200933089872,0.478934554324432,0.5021846400611677,3.4486349224892265,1.0661166475805206,-83.39,"[470.20001220703125, 687.5999755859375]"
random_continuous,1790074953.491664,26.200069568000004,0.5958100750078212,0.875200933089872,0.478934554324432,0.5033576266991231,3.764451033340528,0.9173205111556134,-37.66,"[533.2000122070312, 656.7999877929688]"
random_continuous,1790074953.5917003,26.30010598599995,0.4885314975056843,0.875200933089872,0.478934554324432,0.5045315089343401,4.081245642981038,0.7593204900033924,-32.28,"[618.4000244140625, 648.4000244140625]"
random_continuous,1790074953.692068,26.400473949000002,0.4194675456440225,0.875200933089872,0.478934554324432,0.5057093571344281,4.3998524193255335,0.624330180669456,-37.66,"[670.0, 604.4000244140625]"
random_continuous,1790074953.791897,26.500302674999944,0.3962725540441525,0.875200933089872,0.478934554324432,0.5068808188609398,4.717467131967432,0.5154175447295755,-94.15,"[696.2000122070312, 499.20001220703125]"
random_continuous,1790074953.8916671,26.600072697999963,0.4211492823816339,0.875200933089872,0.478934554324432,0.5080535100775326,5.036151010751645,0.4387185053352934,-110.29,"[710.0, 431.79998779296875]"
random_continuous,1790074953.9915864,26.69999198100004,0.492016431969936,0.875200933089872,0.478934554324432,0.5092269009886583,5.355761815518953,0.4141748127291231,-139.88,"[707.0, 408.20001220703125]"
random_continuous,1790074954.09169,26.800095771999963,0.7067604785963917,0.9373069046478376,0.4622725804406616,0.7795969641093152,5.7610593147199225,0.4172427743048944,0.0,"[709.5999755859375, 404.0]"
random_continuous,1790074954.191656,26.90006137399996,0.9223195899000128,0.9373069046478376,0.4622725804406616,0.7795969641093152,6.250758677963667,0.4709321018808918,16.14,"[696.7999877929688, 415.0]"
random_continuous,1790074954.291659,27.000064672000008,1.1414938965627628,0.9373069046478376,0.4622725804406616,0.7795969641093152,0.4574955306784574,0.6181942575179133,123.74,"[682.0, 478.6000061035156]"
random_continuous,1790074954.3916807,27.10008617599999,1.312620178675876,0.9373069046478376,0.4622725804406616,0.7795969641093152,0.9473777298153578,0.868233125943273,2.69,"[608.0, 627.7999877929688]"
random_continuous,1790074954.491645,27.200050661999967,1.3954541284577977,0.9373069046478376,0.4622725804406616,0.7795969641093152,1.4370997822261558,1.07685451309572,34.97,"[525.7999877929688, 655.5999755859375]"
random_continuous,1790074954.591673,27.300078741999982,1.3705566375608005,0.9373069046478376,0.4622725804406616,0.7795969641093152,1.927029818670704,1.248660361338912,94.15,"[458.79998779296875, 696.5999755859375]"
random_continuous,1790074954.6917474,27.400153240999998,1.2436903450733825,0.9373069046478376,0.4622725804406616,0.7795969641093152,2.4170719930921365,1.354505035703021,185.61,"[447.79998779296875, 710.7999877929688]"
random_continuous,1790074954.7917871,27.500192914999957,1.0447625653550503,0.9373069046478376,0.4622725804406616,0.7795969641093152,2.90699583802008,1.3606409588545638,-2.69,"[435.20001220703125, 738.4000244140625]"
random_continuous,1790074954.8917017,27.600107363999996,0.8206962195697466,0.9373069046478376,0.4622725804406616,0.7795969641093152,3.396602823239405,1.2716700731571966,-13.45,"[432.3999938964844, 709.5999755859375]"
random_continuous,1790074954.9916818,27.70008765,0.6239691789980453,0.9373069046478376,0.4622725804406616,0.7795969641093152,3.886386521412092,1.1090681096413186,-43.04,"[449.6000061035156, 699.4000244140625]"
random_continuous,1790074955.0916674,27.800073072000032,0.5009134444337358,0.9373069046478376,0.4622725804406616,0.7795969641093152,4.376196592313605,0.8897088569736719,-21.52,"[544.2000122070312, 646.5999755859375]"
random_continuous,1790074955.1916058,27.900011581999934,0.4804738013806545,0.9373069046478376,0.4622725804406616,0.7795969641093152,4.865946570229895,0.6703496043060252,-40.35,"[660.5999755859375, 618.7999877929688]"
random_continuous,1790074955.2916975,28.00010328799999,0.5675314450612601,0.9373069046478376,0.4622725804406616,0.7795969641093152,5.356043679671089,0.5276893910326605,-43.04,"[699.7999877929688, 531.5999755859375]"
random_continuous,1790074955.391682,28.100087606999978,0.7414599715060822,0.9373069046478376,0.4622725804406616,0.7795969641093152,5.845701984926578,0.4847379289718626,-5.38,"[708.5999755859375, 448.79998779296875]"
random_continuous,1790074955.4916625,28.200067754999964,0.9614807763256024,0.9373069046478376,0.4622725804406616,0.7795969641093152,0.0523174074903565,0.5384272565478601,16.14,"[695.4000244140625, 458.6000061035156]"
random_continuous,1790074955.5916514,28.300057229000004,1.1758220714121546,0.9373069046478376,0.4622725804406616,0.7795969641093152,0.5421305055735886,0.6902913545485385,64.56,"[684.2000122070312, 538.5999755859375]"
random_continuous,1790074955.691774,28.400179741999978,1.3341481428399815,0.9373069046478376,0.4622725804406616,0.7795969641093152,1.032254031828181,0.8989127417009857,2.69,"[581.5999755859375, 615.2000122070312]"
random_continuous,1790074955.791655,28.500060693000023,1.3990244035664678,0.9373069046478376,0.4622725804406616,0.7795969641093152,1.5217859791903194,1.1013982057018905,51.11,"[533.2000122070312, 650.2000122070312]"
random_continuous,1790074955.8916318,28.600037388000032,1.3554027840781364,0.9373069046478376,0.4622725804406616,0.7795969641093152,2.01153726986535,1.2732040539450822,118.36,"[455.0, 699.7999877929688]"
random_continuous,1790074955.991655,28.700060839999992,1.2134378531915062,0.9373069046478376,0.4622725804406616,0.7795969641093152,2.5014203849943826,1.3652429012182206,199.06,"[442.3999938964844, 730.4000244140625]"
random_continuous,1790074956.0916624,28.800068069999952,1.006505543953491,0.9373069046478376,0.4622725804406616,0.7795969641093152,2.991335608822048,1.359106978066678,-5.38,"[432.3999938964844, 716.5999755859375]"
random_continuous,1790074956.1916723,28.900078054999994,0.7833275237297823,0.9373069046478376,0.4622725804406616,0.7795969641093152,3.481173791366693,1.2501943421267976,-16.14,"[438.20001220703125, 718.2000122070312]"
random_continuous,1790074956.2917175,29.000123196999994,0.5963323204737004,0.9373069046478376,0.4622725804406616,0.7795969641093152,3.9711092355921593,1.0661166475805206,-88.77,"[460.3999938964844, 692.4000244140625]"
random_continuous,1790074956.3916042,29.10000981199994,0.4895883528703741,0.9373069046478376,0.4622725804406616,0.7795969641093152,4.4607930514655365,0.8298836062461319,-2.69,"[574.4000244140625, 639.0]"
random_continuous,1790074956.491604,29.20000964899998,0.4880872067353584,0.9373069046478376,0.4622725804406616,0.7795969641093152,4.950591518170079,0.6427379501240836,-37.66,"[667.5999755859375, 608.0]"
random_continuous,1790074956.5916548,29.300060567999935,0.5922428144815166,0.9373069046478376,0.4622725804406616,0.7795969641093152,5.440471767763249,0.5184855063053467,-45.73,"[694.4000244140625, 500.3999938964844]"
random_continuous,1790074956.691714,29.400119952999944,0.7777154726930511,0.9373069046478376,0.4622725804406616,0.7795969641093152,5.930699001930627,0.4970097752749477,2.69,"[702.2000122070312, 452.79998779296875]"
random_continuous,1790074956.7916176,29.50002322199998,1.0004305065990629,0.9373069046478376,0.4622725804406616,0.7795969641093152,0.1369785640781344,0.5675728915176872,40.35,"[677.7999877929688, 468.6000061035156]"
random_continuous,1790074956.89174,29.600145577000035,1.208614712254671,0.9373069046478376,0.4622725804406616,0.7795969641093152,0.6272248136483256,0.7163690279425944,45.73,"[657.5999755859375, 553.4000244140625]"
random_continuous,1790074956.9917915,29.700197204999995,1.3528028184500525,0.9373069046478376,0.4622725804406616,0.7795969641093152,1.1170505494796714,0.9265243958829272,13.45,"[594.4000244140625, 625.2000122070312]"
random_continuous,1790074957.0916977,29.80010318699999,1.3992840314840682,0.9373069046478376,0.4622725804406616,0.7795969641093152,1.6065510739121862,1.1443496677626883,51.11,"[500.6000061035156, 679.4000244140625]"
random_continuous,1790074957.1916025,29.900008155000023,1.33724926651846,0.9373069046478376,0.4622725804406616,0.7795969641093152,2.096112039112967,1.303883669702795,121.05,"[450.20001220703125, 706.2000122070312]"
