mode,t_ros_sec,t_rel_sec,tail_target_rad,tail_bias_rad,tail_bias_offset_rad,tail_bias_rand_rad,tail_amp_rad,tail_freq_hz,phase_rad,cycle_idx,present_position_rad,present_current_ma,sensor_len,sensor_values
random_walk,1788871624.1359913,0.047552460000000005,0.8800444437521685,0.903,0.0,-0.11045906831758558,0.38727731155787526,0.7655651989729678,0.2279133844488337,0,1.2839419194602817,139.88,2,"[450.0, 654.2000122070312]"
random_walk,1788871624.1858187,0.09737986600000001,0.9669631615146385,0.903,0.0,-0.11045906831758558,0.3815119160520008,0.7875043864947429,0.47482953424452207,0,1.3330293046726223,94.14999999999999,2,"[406.6000061035156, 700.5999755859375]"
random_walk,1788871624.235933,0.14749399100000002,1.0432506862707496,0.903,0.0,-0.11045906831758558,0.3766113298720075,0.8061526958882516,0.7284300370432673,0,1.3192234775816514,-69.94,2,"[406.6000061035156, 700.5999755859375]"
random_walk,1788871624.285798,0.19735902100000002,1.103162138901026,0.903,0.0,-0.11045906831758558,0.37244583161901323,0.822003758872734,0.9863246604512652,0,1.1857671490356005,-2.69,2,"[433.6000061035156, 666.5999755859375]"
random_walk,1788871624.3357563,0.247317314,1.14245769365185,0.903,0.0,-0.11045906831758558,0.36890515810396807,0.8354771624095441,1.2485540979122085,0,1.009359358428752,-10.76,2,"[433.6000061035156, 666.5999755859375]"
random_walk,1788871624.385929,0.29749019800000004,1.1578750312497048,0.903,0.0,-0.11045906831758558,0.3658955856161797,0.8469295554158326,1.5153897331647612,0,0.9725438195194965,67.25,2,"[497.79998779296875, 602.2000122070312]"
random_walk,1788871624.435987,0.34754795200000005,1.1475994267540597,0.903,0.0,-0.11045906831758558,0.36333744900155956,0.8566640894711779,1.7846790788854683,0,1.009359358428752,24.21,2,"[497.79998779296875, 602.2000122070312]"
random_walk,1788871624.485942,0.39750296100000004,1.1119702985312547,0.903,0.0,-0.11045906831758558,0.3611630328791325,0.8649384434182213,2.056286194411988,0,1.0661166475805206,18.83,2,"[487.6000061035156, 612.5999755859375]"
random_walk,1788871624.535952,0.447512988,1.053133530004291,0.903,0.0,-0.11045906831758558,0.35931477917506943,0.8719716442732083,2.330197012859017,0,1.1121360712170898,16.14,2,"[487.6000061035156, 612.5999755859375]"
random_walk,1788871624.5859067,0.49746775800000004,0.9751800763245244,0.903,0.0,-0.11045906831758558,0.35774376352661585,0.8779498649999472,2.6057908779663665,0,1.1351457830353744,0.0,2,"[469.0, 628.2000122070312]"
random_walk,1788871624.6359506,0.5475113530000001,0.883525866220817,0.903,0.0,-0.11045906831758558,0.3564084002254303,0.8830313526176753,2.883452469853394,0,1.1259418983080607,-2.69,2,"[469.0, 628.2000122070312]"
random_walk,1788871624.688738,0.60029911,0.779847757908276,0.903,0.0,-0.11045906831758558,0.3552733414194226,0.8873506170927442,3.1773281684292045,0,1.0799224746714913,-2.69,2,"[469.0, 628.2000122070312]"
random_walk,1788871624.736107,0.647668005,0.6875524230380949,0.903,0.0,-0.11045906831758558,0.354308541434316,0.8910219918965527,3.442429360919742,0,1.0354370318228079,-43.04,2,"[468.79998779296875, 616.7999877929688]"
random_walk,1788871624.7859344,0.6974955270000001,0.5984202476437311,0.903,0.0,-0.11045906831758558,0.35348846144697543,0.89414266047979,3.7229479158905336,0,0.9464661461254406,-134.5,2,"[494.0, 586.7999877929688]"
random_walk,1788871624.8359785,0.74753955,0.5244312186712989,0.903,0.0,-0.11045906831758558,0.35279139345773597,0.8967952287755416,4.004854541752868,0,0.8666991451553873,-48.42,2,"[494.0, 586.7999877929688]"
random_walk,1788871624.8857899,0.7973507320000001,0.471796716828716,0.903,0.0,-0.11045906831758558,0.3521988856668824,0.8990499118269305,4.286545443264667,0,0.7639224323670493,-13.45,2,"[550.2000122070312, 533.4000244140625]"
random_walk,1788871624.9359941,0.847555107,0.44438437691068156,0.903,0.0,-0.11045906831758558,0.3516952540446569,0.900966392420611,4.570411849399339,0,0.6764855274575677,-32.28,2,"[550.2000122070312, 533.4000244140625]"
random_walk,1788871624.985771,0.8973319620000001,0.44474455853115674,0.903,0.0,-0.11045906831758558,0.3512671671657652,0.9025954009252396,4.853080812627395,0,0.5967185264875144,-112.98,2,"[596.7999877929688, 474.0]"
random_walk,1788871625.03605,0.947611069,0.46591534577957605,0.903,0.0,-0.11045906831758558,0.35723623479767874,0.8757464176495614,5.129377929500422,0,0.5307573526084318,-86.08,2,"[596.7999877929688, 474.0]"
random_walk,1788871625.0857947,0.9973556950000001,0.511697238755324,0.903,0.0,-0.11045906831758558,0.36230994228480523,0.8529247818652349,5.3962365733056785,0,0.4724660826687775,-86.08,2,"[625.0, 395.0]"
random_walk,1788871625.1357963,1.0473572130000002,0.5779867053333712,0.903,0.0,-0.11045906831758558,0.36662259364886274,0.8335263914485574,5.65803614338032,0,0.4586602555778067,-115.67,2,"[625.0, 395.0]"
random_walk,1788871625.1857502,1.09731103,0.6591491355609139,0.903,0.0,-0.11045906831758558,0.3702883473083116,0.8170377595943816,5.914662695199917,0,0.46019423636569234,2.69,2,"[633.0, 375.6000061035156]"
random_walk,1788871625.2359633,1.147524317,0.7494966780156063,0.903,0.0,-0.11045906831758558,0.37340423791884314,0.8030224225183321,6.1676532503347286,0,0.48627190975974827,2.69,2,"[633.0, 375.6000061035156]"
random_walk,1788871625.2859385,1.1974994300000001,0.8424069793530167,0.903,0.0,-0.11045906831758558,0.37605274493779495,0.7911093860036901,0.13299558619475338,1,0.5322913333963175,5.38,2,"[614.2000122070312, 399.20001220703125]"
random_walk,1788871625.3358057,1.247366653,0.9321074243896781,0.903,0.0,-0.11045906831758558,0.378303975903904,0.7809833049662444,0.37785415449237725,1,0.5936505649117432,2.69,2,"[614.2000122070312, 399.20001220703125]"
random_walk,1788871625.3858109,1.297371888,1.0136131321654942,0.903,0.0,-0.11045906831758558,0.3802175222250967,0.7723761360844155,0.6204927381606957,1,0.6688156235181395,16.14,2,"[585.0, 484.6000061035156]"
random_walk,1788871625.4359295,1.3474904630000002,1.082235324805284,0.903,0.0,-0.11045906831758558,0.3818440365981105,0.7650600425348609,0.8612722872205776,1,0.7485826244881929,48.42,2,"[585.0, 484.6000061035156]"
random_walk,1788871625.4858403,1.3974012470000001,1.1339317366597328,0.903,0.0,-0.11045906831758558,0.3832265738151722,0.7588413630177395,1.0991749302542244,1,0.8697671067311585,48.42,2,"[547.4000244140625, 560.4000244140625]"
random_walk,1788871625.5357788,1.4473395560000002,1.1663776356187232,0.903,0.0,-0.11045906831758558,0.3844017304496747,0.7535554854281864,1.3358020051988087,1,0.9556700308527545,2.69,2,"[547.4000244140625, 560.4000244140625]"
random_walk,1788871625.5857818,1.497342815,1.181370711847737,0.903,0.0,-0.11045906831758558,0.3888419734569556,0.7225080368062264,1.5628769675546375,1,1.0277671278833795,10.76,2,"[506.0, 607.4000244140625]"
random_walk,1788871625.635941,1.547501859,1.1764307078368736,0.903,0.0,-0.11045906831758558,0.39261618001314436,0.6961177054775605,1.782026643345926,1,1.0845244170351482,67.25,2,"[506.0, 607.4000244140625]"
random_walk,1788871625.6859643,1.597525376,1.1534816471802563,0.903,0.0,-0.11045906831758558,0.3958242555859048,0.6736859238481944,1.99377296696923,1,1.1274758790959463,32.28,2,"[470.6000061035156, 643.2000122070312]"
random_walk,1788871625.7358794,1.647440652,1.1149666913108915,0.903,0.0,-0.11045906831758558,0.39855111982275115,0.6546189094632332,2.1991527176284347,1,1.158155494853659,72.63,2,"[470.6000061035156, 643.2000122070312]"
random_walk,1788871625.7858117,1.697372627,1.0634557045274073,0.903,0.0,-0.11045906831758558,0.40086895442407056,0.6384119472360162,2.3995176378316234,1,1.1658253987930873,51.11,2,"[456.20001220703125, 645.4000244140625]"
random_walk,1788871625.8358586,1.747419453,1.0016265128371873,0.903,0.0,-0.11045906831758558,0.40283911383519205,0.6246360293428818,2.595876933064744,1,1.1612234564294304,-2.69,2,"[456.20001220703125, 645.4000244140625]"
random_walk,1788871625.8857803,1.7973413290000002,0.9325158406514902,0.903,0.0,-0.11045906831758558,0.40451374933464535,0.6129264991337174,2.7882535931354635,1,1.1274758790959463,-2.69,2,"[457.79998779296875, 641.4000244140625]"
random_walk,1788871625.9358017,1.847362756,0.8587671428066689,0.903,0.0,-0.11045906831758558,0.4059371895091806,0.6029733984559278,2.9777161542292205,1,1.0875923786109196,-18.83,2,"[457.79998779296875, 641.4000244140625]"
random_walk,1788871625.985877,1.8974382300000001,0.7831515064139325,0.903,0.0,-0.11045906831758558,0.4071471136575356,0.5945132628798065,3.1646562033988683,1,1.0400389741864646,-24.21,2,"[477.20001220703125, 615.5999755859375]"
random_walk,1788871626.0358033,1.947364341,0.7085051564826809,0.903,0.0,-0.11045906831758558,0.40817554918363735,0.5873221476401036,3.34895702559378,1,0.9786797426710391,-80.7,2,"[477.20001220703125, 615.5999755859375]"
random_walk,1788871626.0859365,1.99749762,0.6368696822140105,0.903,0.0,-0.11045906831758558,0.40904971938082385,0.581209699686356,3.5320031325372305,1,0.9173205111556134,-110.28999999999999,2,"[501.20001220703125, 578.4000244140625]"
random_walk,1788871626.136007,2.0475680780000003,0.5708698542241046,0.903,0.0,-0.11045906831758558,0.40979276404843235,0.5760141189256707,3.7131405554642214,1,0.8452234141249882,-2.69,2,"[501.20001220703125, 578.4000244140625]"
random_walk,1788871626.185781,2.0973422090000002,0.5126351046176096,0.903,0.0,-0.11045906831758558,0.4104243520158996,0.5715978752790881,3.8920745441988114,1,0.765456413154935,-18.83,2,"[559.4000244140625, 528.7999877929688]"
random_walk,1788871626.235965,2.147526156,0.4632667648883922,0.903,0.0,-0.11045906831758558,0.41096120178824674,0.567844068179493,4.070939556266181,1,0.701029220063738,-72.63,2,"[559.4000244140625, 528.7999877929688]"
random_walk,1788871626.2857764,2.197337532,0.42472686317842373,0.903,0.0,-0.11045906831758558,0.4114175240947418,0.564653332144837,4.24782395369272,1,0.6135923151542565,-72.63,2,"[587.7999877929688, 481.0]"
random_walk,1788871626.3357615,2.247322512,0.39769836380786633,0.903,0.0,-0.11045906831758558,0.4118053980552626,0.5619412065153795,4.424370542646516,1,0.5506991028509451,-88.77,2,"[587.7999877929688, 481.0]"
random_walk,1788871626.3857763,2.297337342,0.385,0.903,0.0,-0.11045906831758558,0.4121350909217053,0.5596358997303406,4.600253695537175,1,0.5016117176386047,-174.85,2,"[605.2000122070312, 417.3999938964844]"
random_walk,1788871626.4359806,2.3475417760000004,0.38545962539521533,0.903,0.0,-0.11045906831758558,0.40809482445926587,0.5797600121039644,4.782881031485923,1,0.4632621979414636,-177.54,2,"[605.2000122070312, 417.3999938964844]"
random_walk,1788871626.4857864,2.397347403,0.40122414629844727,0.903,0.0,-0.11045906831758558,0.40466059796619236,0.5968655076215448,4.969908529214363,1,0.4279806398200939,-185.60999999999999,2,"[629.2000122070312, 374.3999938964844]"
random_walk,1788871626.5359774,2.4475382220000004,0.4308033709401957,0.903,0.0,-0.11045906831758558,0.40174150544707987,0.6114051788114881,5.162442849033971,1,0.4095728703654662,-223.26999999999998,2,"[629.2000122070312, 374.3999938964844]"
random_walk,1788871626.5858288,2.49738981,0.47363831620639196,0.903,0.0,-0.11045906831758558,0.39926027680583426,0.62376389932294,5.357997723998716,1,0.401902966426038,-223.26999999999998,2,"[641.0, 352.0]"
random_walk,1788871626.636038,2.547599029,0.5291239800977448,0.903,0.0,-0.11045906831758558,0.3971512324607755,0.634268811757674,5.558010726164673,1,0.401902966426038,-86.08,2,"[641.0, 352.0]"
random_walk,1788871626.685781,2.597342158,0.5947145798183716,0.903,0.0,-0.11045906831758558,0.39535854476747556,0.6431979873271979,5.759156911865395,1,0.41877675509278006,-86.08,2,"[635.4000244140625, 356.0]"
random_walk,1788871626.7357695,2.6473304580000003,0.6688195763610353,0.903,0.0,-0.11045906831758558,0.3938347602281706,0.6507877865612932,5.9636290200516004,1,0.45252433242626416,5.38,2,"[635.4000244140625, 356.0]"
random_walk,1788871626.78576,2.697320791,0.7482454856515683,0.903,0.0,-0.11045906831758558,0.3925395433697614,0.6572391159102743,6.170101169935254,1,0.4970097752749477,2.69,2,"[615.2000122070312, 384.6000061035156]"
random_walk,1788871626.8358517,2.747412604,0.8298055634058906,0.903,0.0,-0.11045906831758558,0.39143860904011357,0.6627227458569082,0.09534355876255063,2,0.5476311412751739,2.69,2,"[615.2000122070312, 384.6000061035156]"
random_walk,1788871626.8857822,2.797343166,0.9097520335431168,0.903,0.0,-0.11045906831758558,0.3905028148599129,0.667383831311547,0.30485441604681185,2,0.6089903727905995,2.69,2,"[597.7999877929688, 461.3999938964844]"
random_walk,1788871626.9359257,2.847486733,0.9848915083150585,0.903,0.0,-0.11045906831758558,0.38970738980674235,0.67134575394799,0.5161977963458497,2,0.6810874698212247,2.69,2,"[597.7999877929688, 461.3999938964844]"
random_walk,1788871626.9859548,2.897515583,1.0514717848962616,0.903,0.0,-0.11045906831758558,0.3890312785115474,0.6747133881889665,0.7282686733926997,2,0.7531845668518499,34.97,2,"[567.7999877929688, 543.7999877929688]"
random_walk,1788871627.0359778,2.947538723,1.1065007776349807,0.903,0.0,-0.11045906831758558,0.38845658391063165,0.6775758772937966,0.9411295381062654,2,0.8314175870340175,2.69,2,"[567.7999877929688, 543.7999877929688]"
random_walk,1788871627.0857916,2.997352706,1.1473320974612253,0.903,0.0,-0.11045906831758558,0.3879680934998533,0.6800089930329022,1.1542343279727536,2,0.9341942998223555,2.69,2,"[530.2000122070312, 598.0]"
random_walk,1788871627.1357543,3.047315417,1.172178832924375,0.903,0.0,-0.11045906831758558,0.38755287665069166,0.682077141411142,1.3683470568788465,2,1.000155473701438,13.45,2,"[530.2000122070312, 598.0]"
random_walk,1788871627.185753,3.0973141710000003,1.1797108204615094,0.903,0.0,-0.11045906831758558,0.3871999423289043,0.6838350675326457,1.5832557533174239,2,1.0569127628532067,72.63,2,"[504.6000061035156, 620.4000244140625]"
random_walk,1788871627.2359126,3.1474735710000004,1.1694097664601628,0.903,0.0,-0.11045906831758558,0.38689994815538503,0.6853293047359239,1.7990054747023176,2,1.1044661672776617,32.28,2,"[504.6000061035156, 620.4000244140625]"
random_walk,1788871627.2859282,3.197489296,1.1416976968329178,0.903,0.0,-0.11045906831758558,0.38664495310789365,0.6865994063587103,2.014792431735472,2,1.1428156869748027,61.87,2,"[468.20001220703125, 646.7999877929688]"
random_walk,1788871627.335922,3.247483146,1.0978126823285228,0.903,0.0,-0.11045906831758558,0.386428207317526,0.6876789927380788,2.230811230763063,2,1.158155494853659,96.84,2,"[468.20001220703125, 646.7999877929688]"
random_walk,1788871627.3859322,3.2974931790000004,1.0397104129815282,0.903,0.0,-0.11045906831758558,0.3862439733957135,0.688596641160542,2.447184221040871,2,1.1596894756415448,0.0,2,"[451.79998779296875, 651.7999877929688]"
random_walk,1788871627.4360428,3.3476038260000003,0.9699352033832429,0.903,0.0,-0.11045906831758558,0.38608737456217285,0.6893766423196357,2.6641980385069566,2,1.1474176293384597,-2.69,2,"[451.79998779296875, 651.7999877929688]"
random_walk,1788871627.4857514,3.3973125040000003,0.8923521395516234,0.903,0.0,-0.11045906831758558,0.3859542655536633,0.6900396433048653,2.8800108181961033,2,1.1106020904292042,-2.69,2,"[454.79998779296875, 642.2000122070312]"
random_walk,1788871627.535737,3.4472979030000004,0.8099607396006124,0.903,0.0,-0.11045906831758558,0.3904951352851538,0.6907163359089109,3.096968305870524,2,1.069184609156292,-34.97,2,"[454.79998779296875, 642.2000122070312]"
random_walk,1788871627.585846,3.497406868,0.7247389963710943,0.903,0.0,-0.11045906831758558,0.3943548745569207,0.6912915246223497,3.3143824543669247,2,1.012427320004523,-45.73,2,"[476.79998779296875, 613.4000244140625]"
random_walk,1788871627.635792,3.5473528630000004,0.6413664841576249,0.903,0.0,-0.11045906831758558,0.3976356529379226,0.6917804350287726,3.5315871579746236,2,0.9480001269133262,-123.74,2,"[476.79998779296875, 613.4000244140625]"
random_walk,1788871627.685801,3.5973620850000003,0.5639901140417088,0.903,0.0,-0.11045906831758558,0.4004243145617742,0.6921960088742322,3.7490378795337413,2,0.8774370106705868,-67.25,2,"[514.5999755859375, 569.2000122070312]"
random_walk,1788871627.7360072,3.64756838,0.49649838776718813,0.903,0.0,-0.11045906831758558,0.402794676942048,0.6925492466428728,3.9672170700186236,2,0.7853981633974483,-10.76,2,"[514.5999755859375, 569.2000122070312]"
random_walk,1788871627.7857664,3.6973272010000002,0.4428988345865888,0.903,0.0,-0.11045906831758558,0.4048094849652808,0.6928494987462173,4.184197885807116,2,0.7086991240031663,-26.9,2,"[567.2000122070312, 519.4000244140625]"
random_walk,1788871627.835921,3.747482111,0.4053891592792266,0.903,0.0,-0.11045906831758558,0.40652207178502864,0.6931047130340601,4.402446693556659,2,0.6335340653967698,-121.05,2,"[567.2000122070312, 519.4000244140625]"
random_walk,1788871627.8858624,3.7974231720000002,0.3863030170001784,0.903,0.0,-0.11045906831758558,0.40797777058181434,0.6933216451787265,4.620002621952427,2,0.543029198911517,-121.05,2,"[603.5999755859375, 456.79998779296875]"
random_walk,1788871627.935771,3.847332042,0.3865305940640959,0.903,0.0,-0.11045906831758558,0.40921511455908216,0.6935060375016929,4.837622881203107,2,0.483203948183977,-161.4,2,"[603.5999755859375, 456.79998779296875]"
random_walk,1788871627.9859643,3.8975254070000003,0.4062826644799087,0.903,0.0,-0.11045906831758558,0.4102668569397598,0.6936627709762144,5.056189153362542,2,0.4433204476989503,-185.60999999999999,2,"[643.5999755859375, 378.20001220703125]"
random_walk,1788871628.0359159,3.9474768200000003,0.4445262293557456,0.903,0.0,-0.11045906831758558,0.4111608379633358,0.6937959944295576,5.273959424516754,2,0.41570879351700873,-190.99,2,"[643.5999755859375, 378.20001220703125]"
random_walk,1788871628.0857642,3.997325269,0.4994439748956504,0.903,0.0,-0.11045906831758558,0.4119207218333754,0.6939092343648994,5.491501653920228,2,0.40343694721392365,-169.47,2,"[642.7999877929688, 359.79998779296875]"
random_walk,1788871628.1359491,4.047510126000001,0.5688377657980687,0.903,0.0,-0.11045906831758558,0.4125666231229091,0.6940054883099399,5.710104604597888,2,0.40343694721392365,-67.25,2,"[642.7999877929688, 359.79998779296875]"
random_walk,1788871628.1858115,4.097372622,0.6487579961276271,0.903,0.0,-0.11045906831758558,0.4131156392190127,0.6940873041632244,5.927700129889484,2,0.4203107358806657,2.69,2,"[645.5999755859375, 354.20001220703125]"
random_walk,1788871628.2359254,4.147486366,0.7360242795954111,0.903,0.0,-0.11045906831758558,0.41358230290070075,0.6941568476385162,6.146104872009186,2,0.4586602555778067,2.69,2,"[645.5999755859375, 354.20001220703125]"
random_walk,1788871628.2857635,4.197324366,0.8258535520252069,0.903,0.0,-0.11045906831758558,0.4139789670301356,0.6942159595925141,0.08055645284718338,3,0.5322913333963175,2.69,2,"[617.5999755859375, 404.3999938964844]"
random_walk,1788871628.335757,4.247317981,0.914421712424258,0.903,0.0,-0.11045906831758558,0.41431613154015523,0.6942662047534124,0.2985905237853679,3,0.5951845456996288,5.38,2,"[617.5999755859375, 404.3999938964844]"
random_walk,1788871628.3857598,4.297320781000001,0.9973801925721824,0.903,0.0,-0.11045906831758558,0.41460272137367193,0.694308913140176,0.516755104739886,3,0.6734175658817965,5.38,2,"[584.0, 492.3999938964844]"
random_walk,1788871628.4359314,4.347492505,1.0708726151983972,0.903,0.0,-0.11045906831758558,0.4148463227321611,0.694345215268925,0.7354584861615052,3,0.7531845668518499,45.73,2,"[584.0, 492.3999938964844]"
random_walk,1788871628.4858022,4.39736301,1.1309042406508103,0.903,0.0,-0.11045906831758558,0.4150533838868769,0.6943760720783617,0.9531234757931415,3,0.8390874909734457,2.69,2,"[546.5999755859375, 576.4000244140625]"
random_walk,1788871628.5360506,4.4476114860000004,1.1752256768113978,0.903,0.0,-0.11045906831758558,0.4152293858683853,0.6944023003663828,1.172240706766015,3,0.9249904150950417,2.69,2,"[546.5999755859375, 576.4000244140625]"
random_walk,1788871628.585783,4.497343929,1.2011012815277269,0.903,0.0,-0.11045906831758558,0.4153789875526675,0.6944245944112009,1.3893544892902163,3,1.000155473701438,2.69,2,"[503.3999938964844, 621.0]"
random_walk,1788871628.6358383,4.547399400000001,1.2077637420861125,0.903,0.0,-0.11045906831758558,0.4155061489843073,0.6944435443492961,1.6077284103567813,3,1.0661166475805206,61.87,2,"[503.3999938964844, 621.0]"
random_walk,1788871628.6857755,4.597336602,1.1820466096045077,0.903,0.0,-0.11045906831758558,0.40272110471288786,0.7007994303076971,1.827686940574587,3,1.1366797638232602,61.87,2,"[444.6000061035156, 656.0]"
random_walk,1788871628.735797,4.647357917,1.1403247169227915,0.903,0.0,-0.11045906831758558,0.3918538170821813,0.7062019333723379,2.049626517664233,3,1.1719613219446299,83.39,2,"[444.6000061035156, 656.0]"
random_walk,1788871628.7857654,4.697326416,1.2556391738603006,0.903,0.0,0.06051036896755484,0.38261662259608076,0.7107940609772826,2.2728730935998023,3,1.1857671490356005,104.91,2,"[425.3999938964844, 676.0]"
random_walk,1788871628.8359444,4.747505279,1.1884128632101345,0.903,0.0,0.06051036896755484,0.3747650072828953,0.7146973694414855,2.497946479762085,3,1.1857671490356005,-2.69,2,"[425.3999938964844, 676.0]"
random_walk,1788871628.8857374,4.79729824,1.113143888739719,0.903,0.0,0.06051036896755484,0.36809113426668766,0.718015181636058,2.722959353817366,3,1.1780972450961724,110.28999999999999,2,"[484.79998779296875, 662.7999877929688]"
random_walk,1788871628.935958,4.847518766,1.032528268803671,0.903,0.0,0.06051036896755484,0.36241834220291114,0.7208353220014447,2.949985273012164,3,1.179631225884058,61.87,2,"[484.79998779296875, 662.7999877929688]"
random_walk,1788871628.985772,4.897332994,0.9509704033080018,0.903,0.0,0.06051036896755484,0.3575964689487011,0.7232324413120234,3.1766672090728143,3,1.1780972450961724,-2.69,2,"[465.0, 645.7999877929688]"
random_walk,1788871629.035922,4.94748309,0.8714669843974674,0.903,0.0,0.06051036896755484,0.3534978766826226,0.7252699927260152,3.405007261368805,3,1.1489516101263453,-26.9,2,"[465.0, 645.7999877929688]"
random_walk,1788871629.085816,4.997376889,0.7983324541352046,0.903,0.0,0.06051036896755484,0.35001407325645584,0.7270019114279084,3.633057567066558,3,1.0783884938836057,-26.9,2,"[505.0, 621.2000122070312]"
random_walk,1788871629.1357718,5.047332797,0.7346536792649115,0.903,0.0,0.06051036896755484,0.3470528403442141,0.7284740423245175,3.86165154914978,3,1.004757416065095,-10.76,2,"[505.0, 621.2000122070312]"
random_walk,1788871629.1857703,5.097331292000001,0.6833741039821206,0.903,0.0,0.06051036896755484,0.3445357923688086,0.7297253535866353,4.091021602116424,3,0.9311263382465842,-118.36,2,"[496.79998779296875, 614.7999877929688]"
random_walk,1788871629.23575,5.147311119,0.647069641590726,0.903,0.0,0.06051036896755484,0.34239630158971396,0.7307889681594354,4.320513374975569,3,0.859029241215959,-13.45,2,"[496.79998779296875, 614.7999877929688]"
random_walk,1788871629.2857862,5.197347168,0.6273809339121297,0.903,0.0,0.06051036896755484,0.3405777344274835,0.7316930405463155,4.5505892824914795,3,0.77772825945802,-2.69,2,"[551.0, 528.5999755859375]"
random_walk,1788871629.3357933,5.247354242,0.6252680098780902,0.903,0.0,0.06051036896755484,0.3390319523395876,0.7324615020751635,4.780651249422036,3,0.722504951094137,-21.52,2,"[551.0, 528.5999755859375]"
random_walk,1788871629.3857589,5.297319905,0.6407183906600136,0.903,0.0,0.06051036896755484,0.3377180375648761,0.7331146943746844,5.010805668872543,3,0.679553489033339,-67.25,2,"[573.2000122070312, 533.0]"
random_walk,1788871629.4360044,5.347565351,0.6730568724821955,0.903,0.0,0.06051036896755484,0.33660121000637133,0.7336699078292771,5.242203290603438,3,0.6488738732756262,-21.52,2,"[573.2000122070312, 533.0]"
random_walk,1788871629.4857512,5.397312256,0.7201204807829423,0.903,0.0,0.06051036896755484,0.3356519065816423,0.7341418392656809,5.4719681115993986,3,0.6273981422452273,-21.52,2,"[579.2000122070312, 489.79998779296875]"
random_walk,1788871629.5359077,5.447468765,0.7800028041558906,0.903,0.0,0.06051036896755484,0.33484499867062256,0.7345429809866242,5.7031692747489515,3,0.6335340653967698,2.69,2,"[579.2000122070312, 489.79998779296875]"
random_walk,1788871629.5857708,5.497331757,0.8490598509913064,0.903,0.0,0.06051036896755484,0.3341591269462558,0.734883951449426,5.933605517109218,3,0.6534758156392831,2.69,2,"[579.7999877929688, 485.3999938964844]"
random_walk,1788871629.6359189,5.547479984000001,0.9242177312182753,0.903,0.0,0.06051036896755484,0.3335761359805441,0.7351737763428075,6.165119085801898,3,0.6856894121848816,8.07,2,"[579.7999877929688, 485.3999938964844]"
random_walk,1788871629.6858172,5.597378136000001,1.0009287320399218,0.903,0.0,0.06051036896755484,0.3330805936596891,0.7354201275021817,0.11257791518637106,4,0.7317088358214509,43.04,2,"[566.0, 508.20001220703125]"
random_walk,1788871629.735915,5.647475872,1.080383615914602,0.903,0.0,0.06051036896755484,0.35544522173037796,0.7072216821750945,0.3350411591685827,4,0.786932144185334,51.11,2,"[566.0, 508.20001220703125]"
random_walk,1788871629.785791,5.69735176,1.1590365242994252,0.903,0.0,0.06051036896755484,0.3744551555904635,0.6832530036470705,0.54938372399155,4,0.8574952604280734,2.69,2,"[544.4000244140625, 548.5999755859375]"
random_walk,1788871629.8359618,5.7475226390000005,1.2320662117265138,0.903,0.0,0.06051036896755484,0.39061359937153617,0.6628796268982501,0.7580724703034498,4,0.9280583766708129,2.69,2,"[544.4000244140625, 548.5999755859375]"
random_walk,1788871629.8857872,5.79734831,1.2948479219885443,0.903,0.0,0.06051036896755484,0.404348276585448,0.6455622566617527,0.9604264058913259,4,1.0231651855197226,2.69,2,"[504.6000061035156, 599.2000122070312]"
random_walk,1788871629.935781,5.847341907000001,1.3446840273101826,0.903,0.0,0.06051036896755484,0.416022752217273,0.63084249196073,1.1585740063560266,4,1.0967962633382335,67.25,2,"[504.6000061035156, 599.2000122070312]"
random_walk,1788871629.9857624,5.897323536,1.379373626190915,0.903,0.0,0.06051036896755484,0.42594605650432427,0.6183306919648606,1.352780158877522,4,1.1688933603688585,94.14999999999999,2,"[480.3999938964844, 643.4000244140625]"
random_walk,1788871630.0357897,5.947350569,1.3977327826470345,0.903,0.0,0.06051036896755484,0.43438086514831786,0.6076956619683717,1.5437853063200855,4,1.23178657267217,142.57,2,"[480.3999938964844, 643.4000244140625]"
random_walk,1788871630.0857909,5.997351857,1.3993448868362994,0.903,0.0,0.06051036896755484,0.4415504524957124,0.598655886471356,1.7318750110923453,4,1.2854759002481673,153.32999999999998,2,"[415.20001220703125, 688.7999877929688]"
random_walk,1788871630.1360087,6.047569942,1.38444301283706,0.903,0.0,0.06051036896755484,0.44764460174099774,0.5909720772988928,1.918000403140585,4,1.3299613430968509,177.54,2,"[415.20001220703125, 688.7999877929688]"
random_walk,1788871630.1859314,6.0974924,1.3540519431036697,0.903,0.0,0.06051036896755484,0.4528246285994903,0.584440839502299,2.10148925341052,4,1.3575729972787924,182.92,2,"[406.6000061035156, 716.0]"
random_walk,1788871630.2360525,6.147613689000001,1.3093908987313971,0.903,0.0,0.06051036896755484,0.45722765142920896,0.5788892873751943,2.2836887266339083,4,1.372912805157649,190.99,2,"[406.6000061035156, 716.0]"
random_walk,1788871630.285763,6.197323964000001,1.2527468902688468,0.903,0.0,0.06051036896755484,0.4609702208344698,0.5741704680671553,2.463316543575626,4,1.3744467859455345,190.99,2,"[401.3999938964844, 716.5999755859375]"
random_walk,1788871630.335756,6.247317140000001,1.1856857215026322,0.903,0.0,0.06051036896755484,0.46415140482894157,0.5701594716553222,2.6424533839988023,4,1.3575729972787924,-5.38,2,"[401.3999938964844, 716.5999755859375]"
random_walk,1788871630.3857687,6.297329439,1.110843885561369,0.903,0.0,0.06051036896755484,0.46685541122424257,0.5667501247052641,2.820517409436569,4,1.325359400733194,-5.38,2,"[382.0, 709.7999877929688]"
random_walk,1788871630.4359145,6.347475656,1.0306661124949992,0.903,0.0,0.06051036896755484,0.4691538166602484,0.5638521797977146,2.9979569941313073,4,1.2808739578845103,-2.69,2,"[382.0, 709.7999877929688]"
random_walk,1788871630.4857764,6.397337536,0.9482188471685259,0.903,0.0,0.06051036896755484,0.47110746128085335,0.5613889266262976,3.1740570262278602,4,1.227184630308513,-2.69,2,"[408.0, 676.5999755859375]"
random_walk,1788871630.5360036,6.447564785,0.8655166907460543,0.903,0.0,0.06051036896755484,0.47276805920836756,0.5592951614305931,3.350382761499837,4,1.1658253987930873,-8.07,2,"[408.0, 676.5999755859375]"
random_walk,1788871630.5857854,6.497346479000001,0.7861657757852546,0.903,0.0,0.06051036896755484,0.47417956744675466,0.5575154610142443,3.5249142063418333,4,1.0937283017624622,-8.07,2,"[471.0, 644.4000244140625]"
random_walk,1788871630.6359274,6.547488408,0.7116245818879581,0.903,0.0,0.06051036896755484,0.47537934944938365,0.5560027156603479,3.700031319907346,4,1.0154952815802945,-29.59,2,"[471.0, 644.4000244140625]"
random_walk,1788871630.6857626,6.597323660000001,0.6450354156698965,0.903,0.0,0.06051036896755484,0.4763991641516183,0.5547168821095358,3.873788659872723,4,0.9157865303677277,-29.59,2,"[524.7999877929688, 588.4000244140625]"
random_walk,1788871630.7357585,6.647319375,0.5878464591812431,0.903,0.0,0.06051036896755484,0.47726600664851776,0.5536239235913456,4.047712570917273,4,0.8375535101855601,-2.69,2,"[524.7999877929688, 588.4000244140625]"
random_walk,1788871630.7857878,6.697348825000001,0.5419669009842906,0.903,0.0,0.06051036896755484,0.4780028227708823,0.5526949088508839,4.221437976254553,4,0.7547185476397354,-13.45,2,"[574.5999755859375, 536.4000244140625]"
random_walk,1788871630.835798,6.747359097,0.508812136655167,0.903,0.0,0.06051036896755484,0.47862911647489215,0.5519052463214915,4.394832376167262,4,0.6918253353364242,-64.56,2,"[574.5999755859375, 536.4000244140625]"
random_walk,1788871630.885763,6.79732395,0.48934079332125024,0.903,0.0,0.06051036896755484,0.4791614661233005,0.551234033171508,4.5679167622924055,4,0.6335340653967698,-104.91,2,"[596.5999755859375, 494.6000061035156]"
random_walk,1788871630.9357977,6.847358589000001,0.48409295628672855,0.903,0.0,0.06051036896755484,0.47961396332444767,0.5506635019940219,4.741018967749444,4,0.581378718608658,-75.32,2,"[596.5999755859375, 494.6000061035156]"
random_walk,1788871630.9857838,6.89734502,0.49930954205467,0.903,0.0,0.06051036896755484,0.47566315575440365,0.6092478344828886,4.932366181677345,4,0.5399612373357456,-104.91,2,"[610.2000122070312, 441.20001220703125]"
random_walk,1788871631.0360374,6.947598542000001,0.5337901899463553,0.903,0.0,0.06051036896755484,0.4723049693198663,0.6590445170984252,5.140296041368895,4,0.5138835639416898,-129.12,2,"[610.2000122070312, 441.20001220703125]"
random_walk,1788871631.08576,6.997321214,0.5889744588937759,0.903,0.0,0.06051036896755484,0.4694505108505096,0.7013716973216313,5.359518546173511,4,0.4954757944870621,-129.12,2,"[621.5999755859375, 403.79998779296875]"
random_walk,1788871631.1357393,7.0473002970000005,0.6655017982490175,0.903,0.0,0.06051036896755484,0.4670242211515563,0.7373498005113566,5.591156099394297,4,0.4970097752749477,2.69,2,"[621.5999755859375, 403.79998779296875]"
random_walk,1788871631.1857965,7.097357507000001,0.7610123681285238,0.903,0.0,0.06051036896755484,0.464961874907446,0.767931188222623,5.832574692337776,4,0.516951525517461,2.69,2,"[609.0, 400.3999938964844]"
random_walk,1788871631.2359827,7.1475437390000005,0.8712675090450442,0.903,0.0,0.06051036896755484,0.46320888059995224,0.7939253677771995,6.0827062677990185,4,0.5537670644267164,2.69,2,"[609.0, 400.3999938964844]"
random_walk,1788871631.2857687,7.197329869000001,0.9889549864348997,0.903,0.0,0.06051036896755484,0.4617188354385826,0.8160204203985895,0.055136399302600836,5,0.6089903727905995,8.07,2,"[590.0, 452.3999938964844]"
random_walk,1788871631.3359766,7.247537547,1.1075760435217457,0.903,0.0,0.06051036896755484,0.46045229705141844,0.834801215126771,0.3182223011471308,5,0.684155431396996,32.28,2,"[590.0, 452.3999938964844]"
random_walk,1788871631.3857684,7.297329275,1.2170192417553372,0.903,0.0,0.06051036896755484,0.4593757394223289,0.8507648906457252,0.5845871788745924,5,0.7700583555185919,64.56,2,"[565.4000244140625, 538.7999877929688]"
random_walk,1788871631.4358342,7.347395356000001,1.3098848660904028,0.903,0.0,0.06051036896755484,0.4584606654376028,0.8643340148368364,0.8564418214446761,5,0.8759030298827011,8.07,2,"[565.4000244140625, 538.7999877929688]"
random_walk,1788871631.4857676,7.397328546000001,1.3777007702469999,0.903,0.0,0.06051036896755484,0.4576828525505855,0.8758677703992809,1.1313151133101513,5,1.026233147095494,8.07,2,"[526.5999755859375, 602.4000244140625]"
random_walk,1788871631.5357807,7.447341629,1.4146087509177265,0.903,0.0,0.06051036896755484,0.45702171159662086,0.8856714626273586,1.4096205709373066,5,1.1320778214596032,115.67,2,"[526.5999755859375, 602.4000244140625]"
random_walk,1788871631.5858529,7.497413861,1.4166905719517482,0.903,0.0,0.06051036896755484,0.4564597417857509,0.8940046010212247,1.6907408746439998,5,1.222582687944856,126.42999999999999,2,"[451.3999938964844, 663.0]"
random_walk,1788871631.6357763,7.547337378000001,1.38301687284352,0.903,0.0,0.06051036896755484,0.4559820674465115,0.9010877686560109,1.973495370645928,5,1.3023496889149093,150.64,2,"[451.3999938964844, 663.0]"
random_walk,1788871631.685796,7.597356981000001,1.314900055071421,0.903,0.0,0.06051036896755484,0.44764116643542406,0.8446576408257461,2.2389276445124366,5,1.3560390164909069,185.60999999999999,2,"[396.79998779296875, 720.2000122070312]"
random_walk,1788871631.7359312,7.647492365000001,1.2307795337126082,0.903,0.0,0.06051036896755484,0.4405514005759998,0.796692032170021,2.4897281529507467,5,1.3821166898849626,182.92,2,"[396.79998779296875, 720.2000122070312]"
random_walk,1788871631.785763,7.697323896,1.1386793050690756,0.903,0.0,0.06051036896755484,0.43452509959548913,0.7559212648126548,2.7266610774806637,5,1.3836506706728484,-5.38,2,"[387.6000061035156, 732.5999755859375]"
random_walk,1788871631.835901,7.747461943,1.043722241746312,0.903,0.0,0.06051036896755484,0.42940274376205506,0.7212661125588934,2.9536901848699912,5,1.354505035703021,-2.69,2,"[387.6000061035156, 732.5999755859375]"
random_walk,1788871631.8857572,7.797318329,0.9511883995246472,0.903,0.0,0.06051036896755484,0.4250487413036361,0.6918092331431962,3.170586260163873,5,1.2716700731571966,-2.69,2,"[396.79998779296875, 707.7999877929688]"
random_walk,1788871631.9357948,7.8473557970000005,0.863993911158033,0.903,0.0,0.06051036896755484,0.42134783921398,0.6667708856398536,3.3800315652487996,5,1.193437052975029,-10.76,2,"[396.79998779296875, 707.7999877929688]"
random_walk,1788871631.9857595,7.8973205900000005,0.7848987446672586,0.903,0.0,0.06051036896755484,0.4182020724377723,0.6454882902620125,3.582869191880164,5,1.1060001480655473,-32.28,2,"[452.79998779296875, 652.2000122070312]"
random_walk,1788871632.035789,7.947349881,0.7158698669940681,0.903,0.0,0.06051036896755484,0.4155281706779958,0.6273980841908474,3.7800602614656214,5,1.01702926236818,-29.59,2,"[452.79998779296875, 652.2000122070312]"
random_walk,1788871632.0857825,7.997343539,0.6583715613180628,0.903,0.0,0.06051036896755484,0.41325535418218573,0.6120214090303572,3.972255210433005,5,0.9326603190344698,-102.22,2,"[513.4000244140625, 596.4000244140625]"
random_walk,1788871632.1359382,8.047499124,0.6131700429183311,0.903,0.0,0.06051036896755484,0.41132346016074717,0.5989512351439404,4.160888397692041,5,0.8544272988523022,-21.52,2,"[513.4000244140625, 596.4000244140625]"
random_walk,1788871632.1857667,8.097327817,0.5811505409970777,0.903,0.0,0.06051036896755484,0.4096813502425244,0.5878415873404862,4.345116835112798,5,0.7700583555185919,-2.69,2,"[577.7999877929688, 532.2000122070312]"
random_walk,1788871632.2359176,8.147478731,0.5622064128710514,0.903,0.0,0.06051036896755484,0.40828555681203504,0.5783983867075502,4.5271931072427805,5,0.7086991240031663,-16.14,2,"[577.7999877929688, 532.2000122070312]"
random_walk,1788871632.285717,8.197277982000001,0.5564198140749723,0.903,0.0,0.06051036896755484,0.4070991323961191,0.5703716661695545,4.705897464489297,5,0.6427379501240836,-16.14,2,"[591.0, 502.20001220703125]"
random_walk,1788871632.335736,8.247296927,0.5633169988557776,0.903,0.0,0.06051036896755484,0.40609067164259055,0.5635489537122582,4.883019666240614,5,0.6043884304269426,-18.83,2,"[591.0, 502.20001220703125]"
random_walk,1788871632.3857603,8.297321277,0.5822755068529795,0.903,0.0,0.06051036896755484,0.4052334800020913,0.5577496481235563,5.058266564246765,5,0.5752427954571154,-67.25,2,"[597.2000122070312, 468.6000061035156]"
random_walk,1788871632.4359384,8.347499391000001,0.6124727022972434,0.903,0.0,0.06051036896755484,0.4045048671076669,0.5528202383731597,5.232386071177558,5,0.5691068723055729,-48.42,2,"[597.2000122070312, 468.6000061035156]"
random_walk,1788871632.485779,8.397340036000001,0.6525305156959755,0.903,0.0,0.06051036896755484,0.4038855461474062,0.5486302400853227,5.404390787554199,5,0.5691068723055729,-26.9,2,"[599.2000122070312, 451.20001220703125]"
random_walk,1788871632.5359938,8.447554747,0.7015049535221832,0.903,0.0,0.06051036896755484,0.40335912333118457,0.5450687415406612,5.576181474738711,5,0.5752427954571154,2.69,2,"[599.2000122070312, 451.20001220703125]"
random_walk,1788871632.585849,8.497410013,0.7573467386813969,0.903,0.0,0.06051036896755484,0.4029116639373962,0.5420414677776989,5.746041120126087,5,0.5921165841238575,2.69,2,"[587.7999877929688, 458.3999938964844]"
random_walk,1788871632.638543,8.550103976,0.8221428601767776,0.903,0.0,0.06051036896755484,0.40253132345267606,0.539468285079181,5.924336829960346,5,0.619728238305799,2.69,2,"[587.7999877929688, 458.3999938964844]"
random_walk,1788871632.685791,8.597352115000001,0.8839817840427493,0.903,0.0,0.06051036896755484,0.40220803404066396,0.5372810797854407,6.084143674403968,5,0.6550097964271688,2.69,2,"[574.0, 481.0]"
random_walk,1788871632.735774,8.647335120000001,0.9511192383859095,0.903,0.0,0.06051036896755484,0.40193323804045367,0.5354219552857615,6.252351593920601,5,0.7163690279425944,13.45,2,"[574.0, 481.0]"
random_walk,1788871632.785766,8.697327076,1.0183199493716069,0.903,0.0,0.06051036896755484,0.4016996614402749,0.5338416994610342,0.1368711292048772,6,0.765456413154935,51.11,2,"[556.5999755859375, 523.0]"
random_walk,1788871632.83591,8.747470918000001,1.083881916478842,0.903,0.0,0.06051036896755484,0.401501121330123,0.5324984820100159,0.30448694966965206,6,0.8252816638824749,2.69,2,"[556.5999755859375, 523.0]"
random_walk,1788871632.8859372,8.797498224,1.1458164513621434,0.903,0.0,0.06051036896755484,0.4013323622364939,0.5313567471766504,0.4715325601416467,6,0.8943107993373288,2.69,2,"[530.2000122070312, 568.2000122070312]"
random_walk,1788871632.9359484,8.847509349000001,1.2024913281767715,0.903,0.0,0.06051036896755484,0.4011889170069091,0.5303862725682897,0.6381142860318718,6,0.9587379924285258,8.07,2,"[530.2000122070312, 568.2000122070312]"
random_walk,1788871632.9858124,8.897373335000001,1.2523948335453257,0.903,0.0,0.06051036896755484,0.4010669885617621,0.5295613691511831,0.8042200172446741,6,1.0185632431560658,48.42,2,"[504.20001220703125, 608.0]"
random_walk,1788871633.0360289,8.947589723,1.2946853035496457,0.903,0.0,0.06051036896755484,0.3955243728130139,0.5966508471880316,0.992337050632365,6,1.0799224746714913,40.35,2,"[504.20001220703125, 608.0]"
random_walk,1788871633.085875,8.997436164,1.3273514628223146,0.903,0.0,0.06051036896755484,0.3908131494265779,0.6536769035193528,1.1971012300801789,6,1.1566215140657734,40.35,2,"[472.20001220703125, 642.0]"
random_walk,1788871633.1357713,9.047332136000001,1.3457756377947137,0.903,0.0,0.06051036896755484,0.3868086095481073,0.7021490514009758,1.4173768154453583,6,1.205708899278114,121.05,2,"[472.20001220703125, 642.0]"
random_walk,1788871633.1857808,9.097341919,1.3456835520961725,0.903,0.0,0.06051036896755484,0.3834047506514073,0.7433503771003553,1.6509699827814757,6,1.2501943421267976,121.05,2,"[429.20001220703125, 684.4000244140625]"
random_walk,1788871633.2357926,9.147353856,1.3241314564477644,0.903,0.0,0.06051036896755484,0.38051147058921225,0.7783715039448279,1.8955566052209178,6,1.2854759002481673,150.64,2,"[429.20001220703125, 684.4000244140625]"
random_walk,1788871633.2858236,9.197384645000001,1.2800163813242458,0.903,0.0,0.06051036896755484,0.3780521825363465,0.8081394617626296,2.1494459641851904,6,1.3115535736422232,172.16,2,"[411.3999938964844, 699.5999755859375]"
random_walk,1788871633.3360167,9.247577819,1.2141393812718448,0.903,0.0,0.06051036896755484,0.3759617876914106,0.8334422259077611,2.411908459713146,6,1.3222914391574228,169.47,2,"[411.3999938964844, 699.5999755859375]"
random_walk,1788871633.3857822,9.297343028,1.130258602048787,0.903,0.0,0.06051036896755484,0.37418495207321506,0.8549495754311228,2.6797142002914143,6,1.320757458369537,0.0,2,"[400.0, 700.5999755859375]"
random_walk,1788871633.4359598,9.347520829,1.0327137193591913,0.903,0.0,0.06051036896755484,0.3726746417977489,0.8732308225259803,2.954814812547802,6,1.2992817273391382,-2.69,2,"[400.0, 700.5999755859375]"
random_walk,1788871633.485786,9.397346907000001,0.9294955767488386,0.903,0.0,0.06051036896755484,0.37139087806360266,0.8887698825566092,3.233308764383146,6,1.239456476611598,-2.69,2,"[410.0, 680.5999755859375]"
random_walk,1788871633.5357633,9.447324395,0.8278739715869222,0.903,0.0,0.06051036896755484,0.3702996788895784,0.9019780835826436,3.5166094790509845,6,1.175029283520401,-32.28,2,"[410.0, 680.5999755859375]"
random_walk,1788871633.5857453,9.497306360000001,0.7365068031021266,0.903,0.0,0.06051036896755484,0.3693721595916577,0.913205054454773,3.8034283285371373,6,1.0967962633382335,-21.52,2,"[456.3999938964844, 641.2000122070312]"
random_walk,1788871633.635946,9.547507116,0.6631519496611438,0.903,0.0,0.06051036896755484,0.36858376818842514,0.9227479796960829,4.094146985753291,6,1.0032234352772094,-37.66,2,"[456.3999938964844, 641.2000122070312]"
random_walk,1788871633.685794,9.597355106,0.6150287829329169,0.903,0.0,0.06051036896755484,0.36791363549567746,0.9308594661511964,4.3859277225819895,6,0.9127185687919565,-121.05,2,"[520.5999755859375, 584.2000122070312]"
random_walk,1788871633.7359643,9.647525270000001,0.5963422146052191,0.903,0.0,0.06051036896755484,0.3673440227068419,0.9377542296380429,4.681444038237814,6,0.8160777791551611,-2.69,2,"[520.5999755859375, 584.2000122070312]"
random_walk,1788871633.7857907,9.697351654,0.6094172640471325,0.903,0.0,0.06051036896755484,0.36685985183633174,0.9436147786018624,4.976978476313192,6,0.7255729126699083,-2.69,2,"[567.4000244140625, 522.5999755859375]"
random_walk,1788871633.8358984,9.747459408000001,0.6536395262134901,0.903,0.0,0.06051036896755484,0.36644830659639804,0.948596245221109,5.2754861431036275,6,0.6642136811544826,-13.45,2,"[567.4000244140625, 522.5999755859375]"
random_walk,1788871633.8857732,9.79733412,0.7251695019900416,0.903,0.0,0.06051036896755484,0.3660984931424544,0.9528304918474685,5.5742455486947335,6,0.6181942575179133,-13.45,2,"[591.4000244140625, 482.20001220703125]"
random_walk,1788871633.935749,9.847310011000001,0.8181931642654202,0.903,0.0,0.06051036896755484,0.3658011517066023,0.9564296014798741,5.874658965009743,6,0.6166602767300278,5.38,2,"[591.4000244140625, 482.20001220703125]"
random_walk,1788871633.9857752,9.897336194000001,0.924481487055138,0.903,0.0,0.06051036896755484,0.36554841148612804,0.9594888446674189,6.176213385799606,6,0.6366020269725411,8.07,2,"[581.7999877929688, 474.3999938964844]"
random_walk,1788871634.0360298,9.947590878,1.0301491032818435,0.903,0.0,0.06051036896755484,0.36901376070986,0.9148219275129742,0.18158225626891777,7,0.6826214506091103,21.52,2,"[581.7999877929688, 474.3999938964844]"
random_walk,1788871634.0858073,9.997368194,1.1272897113552016,0.903,0.0,0.06051036896755484,0.3719593075500321,0.8768550479316962,0.4559497231341254,7,0.7439806821245359,59.18,2,"[564.2000122070312, 516.0]"
random_walk,1788871634.1359756,10.047536535,1.2109760159807403,0.903,0.0,0.06051036896755484,0.37446302236417844,0.8445832002876099,0.721957005830518,7,0.8283496254582462,34.97,2,"[564.2000122070312, 516.0]"
random_walk,1788871634.1859329,10.097493814,1.2759633230117267,0.903,0.0,0.06051036896755484,0.37659117995620284,0.8171521297901366,0.9785474512766967,7,0.9326603190344698,2.69,2,"[523.0, 579.4000244140625]"
random_walk,1788871634.2360022,10.147563230000001,1.3199273523735862,0.903,0.0,0.06051036896755484,0.3784001139094236,0.7938357198672843,1.2282578024350954,7,1.0277671278833795,2.69,2,"[523.0, 579.4000244140625]"
random_walk,1788871634.2857912,10.197352112,1.3415428922092385,0.903,0.0,0.06051036896755484,0.3799377077696612,0.7740167714328599,1.470609881361959,7,1.1428156869748027,2.69,2,"[476.6000061035156, 633.5999755859375]"
random_walk,1788871634.3357756,10.247336711,1.3411510287182618,0.903,0.0,0.06051036896755484,0.38124466255086314,0.757170665263599,1.7084058185214204,7,1.2118448224296565,91.46,2,"[476.6000061035156, 633.5999755859375]"
random_walk,1788871634.3857691,10.297330016,1.3198593151240976,0.903,0.0,0.06051036896755484,0.3823555741148848,0.7428514750197273,1.9417470345739218,7,1.2686021115814252,139.88,2,"[425.6000061035156, 680.2000122070312]"
random_walk,1788871634.4358065,10.347367655000001,1.279717575416236,0.903,0.0,0.06051036896755484,0.3832998489443032,0.7306801633124363,2.171460477135163,7,1.3023496889149093,174.85,2,"[425.6000061035156, 680.2000122070312]"
random_walk,1788871634.4859505,10.397511545,1.223456802476819,0.903,0.0,0.06051036896755484,0.38410248254930884,0.720334548361239,2.3982355515992566,7,1.3176894967937658,158.71,2,"[403.6000061035156, 701.2000122070312]"
random_walk,1788871634.5359225,10.447483607,1.154673731286714,0.903,0.0,0.06051036896755484,0.38478472111356365,0.7115407756527213,2.6216780690974915,7,1.3176894967937658,-2.69,2,"[403.6000061035156, 701.2000122070312]"
random_walk,1788871634.5859792,10.497540180000001,1.0768590120545423,0.903,0.0,0.06051036896755484,0.38536462389318027,0.7040660688504813,2.843043872612242,7,1.2962137657633668,-5.38,2,"[402.79998779296875, 690.0]"
random_walk,1788871634.6360176,10.547578430000002,0.9940082014563051,0.903,0.0,0.06051036896755484,0.38585754125585436,0.6977125680685773,3.0624710269170876,7,1.2578642460662257,-2.69,2,"[402.79998779296875, 690.0]"
random_walk,1788871634.6857479,10.597308912,0.9079548174757284,0.903,0.0,0.06051036896755484,0.40288662090778743,0.6951340559578079,3.27992719808271,7,1.188835110611372,-2.69,2,"[422.20001220703125, 665.2000122070312]"
random_walk,1788871634.7357404,10.647301460000001,0.8180345543920089,0.903,0.0,0.06051036896755484,0.41736133861193053,0.6929423206636538,3.4976278530433973,7,1.1228739367322893,-21.52,2,"[422.20001220703125, 665.2000122070312]"
random_walk,1788871634.785771,10.69733188,0.7305263811360687,0.903,0.0,0.06051036896755484,0.4296648486604522,0.6910793456636228,3.7147004147216194,7,1.0492428589137786,-29.59,2,"[474.20001220703125, 623.5999755859375]"
random_walk,1788871634.8359087,10.74746972,0.6507937935841753,0.903,0.0,0.06051036896755484,0.44012283220169557,0.6894958169135965,3.9318311794496594,7,0.9694758579437253,-78.01,2,"[474.20001220703125, 623.5999755859375]"
random_walk,1788871634.885936,10.797496922,0.5841074018239051,0.903,0.0,0.06051036896755484,0.44901211821175246,0.6881498174760742,4.148106711103495,7,0.8912428377615575,-107.6,2,"[520.7999877929688, 568.2000122070312]"
random_walk,1788871634.935959,10.847520169000001,0.5343802866191598,0.903,0.0,0.06051036896755484,0.45656801132030084,0.6870057179541802,4.363941573162158,7,0.8022719520641903,-5.38,2,"[520.7999877929688, 568.2000122070312]"
random_walk,1788871634.9859102,10.897471202,0.504612311737165,0.903,0.0,0.06051036896755484,0.46299052046256695,0.6860332333605703,4.5793307441856115,7,0.7163690279425944,-43.04,2,"[574.7999877929688, 516.5999755859375]"
random_walk,1788871635.0359662,10.947527121,0.4966496238245728,0.903,0.0,0.06051036896755484,0.46844965323349314,0.685206621456002,4.794775424083937,7,0.6458059116998549,-86.08,2,"[574.7999877929688, 516.5999755859375]"
random_walk,1788871635.085766,10.997326988000001,0.5111125465122961,0.903,0.0,0.06051036896755484,0.47308991608878037,0.6845040013371189,5.009241784484139,7,0.5706408530934585,-86.08,2,"[591.7999877929688, 468.0]"
random_walk,1788871635.1357772,11.047338227000001,0.5475741898435342,0.903,0.0,0.06051036896755484,0.47703413951577456,0.6839067742360682,5.224072940708098,7,0.5276893910326605,-56.49,2,"[591.7999877929688, 468.0]"
random_walk,1788871635.1860356,11.097596692000002,0.6046323225654747,0.903,0.0,0.06051036896755484,0.48038672942871957,0.6833991312001751,5.439555906763459,7,0.5184855063053467,-94.14999999999999,2,"[618.7999877929688, 409.79998779296875]"
random_walk,1788871635.2359557,11.147516783,0.6791049948007095,0.903,0.0,0.06051036896755484,0.48323643085472284,0.682967634619666,5.653929943795191,7,0.5200194870932323,0.0,2,"[618.7999877929688, 409.79998779296875]"
random_walk,1788871635.285931,11.197492174,0.7677564705770967,0.903,0.0,0.06051036896755484,0.48565867706682564,0.6826008625262333,5.8683175834464265,7,0.5353592949720888,2.69,2,"[612.7999877929688, 412.6000061035156]"
random_walk,1788871635.3359146,11.247475713,0.8663513507366316,0.903,0.0,0.06051036896755484,0.487717586347113,0.6822891062468155,6.082631941155846,7,0.5675728915176872,2.69,2,"[612.7999877929688, 412.6000061035156]"
random_walk,1788871635.385956,11.297516933,0.9702883677569634,0.903,0.0,0.06051036896755484,0.48946765923535723,0.6820241134093104,0.013848137468393418,8,0.6181942575179133,32.28,2,"[593.0, 461.0]"
random_walk,1788871635.435948,11.347508876000001,1.074417464055327,0.903,0.0,0.06051036896755484,0.4909552211903649,0.681798869497431,0.2278674687269202,8,0.7117670855789375,32.28,2,"[593.0, 461.0]"
random_walk,1788871635.4863322,11.397893162,1.173974041272299,0.903,0.0,0.06051036896755484,0.4922196488521214,0.6816074121723334,0.4418149063211416,8,0.765456413154935,75.32,2,"[567.4000244140625, 533.0]"
random_walk,1788871635.5357625,11.447323495000001,1.2642402007684292,0.903,0.0,0.06051036896755484,0.4932944123646144,0.6814446734460006,0.6556007960152783,8,0.8958447801252144,8.07,2,"[567.4000244140625, 533.0]"
random_walk,1788871635.585757,11.497318089,1.34113071383747,0.903,0.0,0.06051036896755484,0.4942079613502335,0.6813063455286177,0.8696326220878845,8,0.9878836273983529,16.14,2,"[519.7999877929688, 601.0]"
random_walk,1788871635.6357932,11.547354241,1.4009367335564726,0.903,0.0,0.06051036896755484,0.49498447798800965,0.6811887667988422,1.0837462690376967,8,1.081456455459377,86.08,2,"[519.7999877929688, 601.0]"
random_walk,1788871635.6859403,11.597501436,1.422,0.903,0.0,0.06051036896755484,0.4956445171301194,0.6810888248785331,1.2981725320033561,8,1.1704273411567443,134.5,2,"[469.20001220703125, 649.7999877929688]"
random_walk,1788871635.7360568,11.647617569000001,1.422,0.903,0.0,0.06051036896755484,0.49620555040091274,0.6810038742462703,1.5122767222261686,8,1.2532623037025687,118.36,2,"[469.20001220703125, 649.7999877929688]"
random_walk,1788871635.7857652,11.697326129,1.422,0.903,0.0,0.06051036896755484,0.49668242868108703,0.6809316662088469,1.725488450636135,8,1.3222914391574228,188.29999999999998,2,"[411.6000061035156, 712.7999877929688]"
random_walk,1788871635.8359535,11.747514445,1.4074999096179668,0.903,0.0,0.06051036896755484,0.4748211575264683,0.6592115755935654,1.9331449468635,8,1.3698448435818775,182.92,2,"[411.6000061035156, 712.7999877929688]"
random_walk,1788871635.8857663,11.797327222000002,1.3493049373474548,0.903,0.0,0.06051036896755484,0.4562390770450424,0.640749498570576,2.1339094118208024,8,1.3989904785517047,182.92,2,"[401.3999938964844, 724.2000122070312]"
random_walk,1788871635.9357507,11.847311854,1.2829243832866262,0.903,0.0,0.06051036896755484,0.4404443086358304,0.6250567331010349,2.3302552972372226,8,1.3989904785517047,182.92,2,"[401.3999938964844, 724.2000122070312]"
random_walk,1788871635.9859352,11.897496275,1.211160095335109,0.903,0.0,0.06051036896755484,0.42701875548800017,0.6117178824519252,2.5229247677518956,8,1.3989904785517047,32.28,2,"[392.6000061035156, 721.4000244140625]"
random_walk,1788871636.0358534,11.947414315000001,1.1368622609664343,0.903,0.0,0.06051036896755484,0.4156070353123445,0.6003798594001818,2.711334669104289,8,1.371378824369763,-2.69,2,"[392.6000061035156, 721.4000244140625]"
random_walk,1788871636.0859733,11.997534314000001,0.9749071291709615,0.903,0.0,-0.02630925347516544,0.40590707316303715,0.5907425398062,2.897199397759074,8,1.320757458369537,-2.69,2,"[391.3999938964844, 702.7999877929688]"
random_walk,1788871636.135929,12.047490252000001,0.901121270996058,0.903,0.0,-0.02630925347516544,0.3976621053361259,0.5825508181513154,3.080118556984722,8,1.2624661884298827,-2.69,2,"[391.3999938964844, 702.7999877929688]"
random_walk,1788871636.1859803,12.097541365000001,0.8301307090504887,0.903,0.0,-0.02630925347516544,0.39065388268325135,0.5755878547446636,3.2610615270805567,8,1.191903072187143,-45.73,2,"[421.3999938964844, 670.0]"
random_walk,1788871636.236002,12.147562945,0.7635261992299995,0.903,0.0,-0.02630925347516544,0.384696893428308,0.5696693358490095,3.440174904377436,8,1.0983302441261191,-18.83,2,"[421.3999938964844, 670.0]"
random_walk,1788871636.2857502,12.197311206,0.7029689566369467,0.903,0.0,-0.02630925347516544,0.37963345256160613,0.5646385947877035,3.6168912980431074,8,0.9679418771558396,-18.83,2,"[507.3999938964844, 610.5999755859375]"
random_walk,1788871636.3357372,12.247298323,0.64915643622501,0.903,0.0,-0.02630925347516544,0.3753295278249095,0.5603624648855935,3.7928984913332044,8,0.885106914610015,-48.42,2,"[507.3999938964844, 610.5999755859375]"
random_walk,1788871636.3857527,12.297313631000002,0.603375646493588,0.903,0.0,-0.02630925347516544,0.37167119179871744,0.5567277544688,3.967802209749223,8,0.8022719520641903,-10.76,2,"[547.2000122070312, 548.2000122070312]"
random_walk,1788871636.435963,12.347524058000001,0.5664350118502889,0.903,0.0,-0.02630925347516544,0.36856160617645417,0.5536382506145254,4.142204777353932,8,0.7393787397608791,-34.97,2,"[547.2000122070312, 548.2000122070312]"
random_walk,1788871636.4857864,12.397347392,0.5392971877956878,0.903,0.0,-0.02630925347516544,0.3659184583975304,0.5510121723383921,4.314925373273439,8,0.6872233929727672,-80.7,2,"[580.4000244140625, 511.6000061035156]"
random_walk,1788871636.5358846,12.447445652,0.5221721935826086,0.903,0.0,-0.02630925347516544,0.36367178278544515,0.5487800058036787,4.487554711967235,8,0.641203969336198,-61.87,2,"[580.4000244140625, 511.6000061035156]"
random_walk,1788871636.5859485,12.497509462,0.5154349755165859,0.903,0.0,-0.02630925347516544,0.3617621085151727,0.5468826642491723,4.659474543722951,8,0.5997864880632857,-43.04,2,"[596.0, 475.79998779296875]"
random_walk,1788871636.6359577,12.547518514,0.5190738404499834,0.903,0.0,-0.02630925347516544,0.36013888538544114,0.5452699239278419,4.830803379400663,8,0.5675728915176872,-88.77,2,"[596.0, 475.79998779296875]"
random_walk,1788871636.6857991,12.597360098000001,0.5328036122364405,0.903,0.0,-0.02630925347516544,0.3587591457251693,0.5438990946547111,5.00133064326775,8,0.5384272565478601,-88.77,2,"[616.2000122070312, 437.6000061035156]"
random_walk,1788871636.7358243,12.647385285,0.556186782580776,0.903,0.0,-0.02630925347516544,0.35758636701393826,0.5427338897725499,5.171835557465094,8,0.526155410244775,-102.22,2,"[616.2000122070312, 437.6000061035156]"
random_walk,1788871636.7857738,12.697334664000001,0.5884706362046415,0.903,0.0,-0.02630925347516544,0.35658950510939186,0.5417434656227128,5.341979593473113,8,0.5246214294568893,-51.11,2,"[612.2000122070312, 416.3999938964844]"
random_walk,1788871636.8359218,12.747482866,0.6287952434808247,0.903,0.0,-0.02630925347516544,0.3557421724905274,0.5409016050953513,5.512202655434734,8,0.5292233718205462,2.69,2,"[612.2000122070312, 416.3999938964844]"
random_walk,1788871636.8857772,12.797338267,0.6757503338069235,0.903,0.0,-0.02630925347516544,0.35502193976449264,0.5401860236470941,5.681546413348968,8,0.5445631796994026,2.69,2,"[620.2000122070312, 417.20001220703125]"
random_walk,1788871636.9359481,12.847509194,0.7284189022006232,0.903,0.0,-0.02630925347516544,0.3544097419473631,0.5395777794160754,5.851543288648685,8,0.5660389107298016,2.69,2,"[620.2000122070312, 417.20001220703125]"
random_walk,1788871636.9857845,12.897345430000001,0.7847939086771359,0.903,0.0,-0.02630925347516544,0.35388937380280294,0.5390607718197096,6.020497865615603,8,0.5967185264875144,2.69,2,"[601.7999877929688, 453.0]"
random_walk,1788871637.0359213,12.947482393000001,0.8438149611389026,0.903,0.0,-0.02630925347516544,0.35344706087992683,0.5386213153627986,6.190035922126157,8,0.6335340653967698,10.76,2,"[601.7999877929688, 453.0]"
random_walk,1788871637.0857623,12.997323203,0.9033455376351893,0.903,0.0,-0.02630925347516544,0.35307109489548216,0.5382477773744242,0.07556601452445477,9,0.6964272777000811,10.76,2,"[581.4000244140625, 497.3999938964844]"
random_walk,1788871637.135766,13.04732701,0.9621097549673222,0.903,0.0,-0.02630925347516544,0.35275152380870417,0.537930270084306,0.2445818527873982,9,0.7439806821245359,26.9,2,"[581.4000244140625, 497.3999938964844]"
random_walk,1788871637.1859136,13.097474413,1.0184321137053842,0.903,0.0,-0.02630925347516544,0.3524798883849429,0.5376603888877056,0.41383780235889134,9,0.7976700097005334,5.38,2,"[566.5999755859375, 539.5999755859375]"
random_walk,1788871637.2359197,13.147480700000001,1.0705277761343703,0.903,0.0,-0.02630925347516544,0.35224899827474576,0.5374309898705952,0.5827044709299329,9,0.8574952604280734,2.69,2,"[566.5999755859375, 539.5999755859375]"
random_walk,1788871637.285796,13.197356955,1.1305446454094832,0.903,0.0,-0.02630925347516544,0.37012890276186955,0.5519161777070698,0.7557747306703035,9,0.9157865303677277,2.69,2,"[529.5999755859375, 570.7999877929688]"
random_walk,1788871637.336002,13.247563044000001,1.1863817215722081,0.903,0.0,-0.02630925347516544,0.38532682157592474,0.5642285873680731,0.9335040978354314,9,0.9679418771558396,13.45,2,"[529.5999755859375, 570.7999877929688]"
random_walk,1788871637.385767,13.297327911,1.2340134176914361,0.903,0.0,-0.02630925347516544,0.3982450525678716,0.574694135579926,1.1134857381071512,9,1.0200972239439514,56.49,2,"[505.79998779296875, 597.2000122070312]"
random_walk,1788871637.4359078,13.347469038000002,1.2706931620215047,0.903,0.0,-0.02630925347516544,0.4092255489110265,0.5835898515600009,1.2971804843453825,9,1.0722525707320631,40.35,2,"[505.79998779296875, 597.2000122070312]"
random_walk,1788871637.4858222,13.397383242,1.2936217700746235,0.903,0.0,-0.02630925347516544,0.41855897080270815,0.5911512101430645,1.4825701015946535,9,1.141281706186917,40.35,2,"[478.0, 635.2000122070312]"
random_walk,1788871637.5357702,13.447331182000001,1.3010747262155138,0.903,0.0,-0.02630925347516544,0.42649237941063756,0.5975783649386686,1.6702715475306462,9,1.188835110611372,110.28999999999999,2,"[478.0, 635.2000122070312]"
random_walk,1788871637.5859191,13.497479975000001,1.291917049301736,0.903,0.0,-0.02630925347516544,0.43323577672737756,0.6030414465149321,1.860143611067521,9,1.227184630308513,126.42999999999999,2,"[434.20001220703125, 671.7999877929688]"
random_walk,1788871637.6358354,13.547396611000002,1.266062720170142,0.903,0.0,-0.02630925347516544,0.43896766444660656,0.6076850658547561,2.0507475641847677,9,1.2578642460662257,121.05,2,"[434.20001220703125, 671.7999877929688]"
random_walk,1788871637.6859276,13.597488556,1.2239116657742162,0.903,0.0,-0.02630925347516544,0.4438397690079512,0.6116321422936064,2.243224623105057,9,1.2762720155208536,139.88,2,"[408.79998779296875, 690.2000122070312]"
random_walk,1788871637.7358868,13.647447583000002,1.1670896686861971,0.903,0.0,-0.02630925347516544,0.4479810578850941,0.6149871572666292,2.4363228540964457,9,1.2778059963087391,64.56,2,"[408.79998779296875, 690.2000122070312]"
random_walk,1788871637.7859347,13.697495582,1.0975123750210467,0.903,0.0,-0.02630925347516544,0.45150115343066566,0.6178389199936987,2.6305543021646116,9,1.2701360923693108,-2.69,2,"[408.79998779296875, 686.4000244140625]"
random_walk,1788871637.8358548,13.74741569,1.018142082301437,0.903,0.0,-0.02630925347516544,0.45449323464440144,0.6202629183117077,2.8251069884411493,9,1.2348545342479411,-2.69,2,"[408.79998779296875, 686.4000244140625]"
random_walk,1788871637.885788,13.797349036000002,0.931928413323953,0.903,0.0,-0.02630925347516544,0.45703650367607684,0.6223233168820153,3.0204359481418663,9,1.2072428800659996,-2.69,2,"[418.20001220703125, 670.7999877929688]"
random_walk,1788871637.9357803,13.847341157,0.8423130841694354,0.903,0.0,-0.02630925347516544,0.4591982823530009,0.6240746556667767,3.2165272900502018,9,1.1382137446111458,-26.9,2,"[418.20001220703125, 670.7999877929688]"
random_walk,1788871637.9857795,13.897340508000001,0.7530889954590864,0.903,0.0,-0.02630925347516544,0.4610357942283864,0.625563293633824,3.4130085622734114,9,1.0722525707320631,-32.28,2,"[465.3999938964844, 637.5999755859375]"
random_walk,1788871638.035813,13.947373961,0.6678071808210113,0.903,0.0,-0.02630925347516544,0.4625976793224641,0.6268286359058142,3.6100885656162944,9,0.9970875121256667,-32.28,2,"[465.3999938964844, 637.5999755859375]"
random_walk,1788871638.0859363,13.997497331000002,0.5900223639779032,0.903,0.0,-0.02630925347516544,0.46392528165243013,0.627904176837006,3.8076862005802283,9,0.9173205111556134,-153.32999999999998,2,"[514.4000244140625, 580.4000244140625]"
random_walk,1788871638.1360202,14.047581121,0.5231238221423605,0.903,0.0,-0.02630925347516544,0.46505374363290125,0.6288183866285189,4.005323007121127,9,0.8314175870340175,-5.38,2,"[514.4000244140625, 580.4000244140625]"
random_walk,1788871638.1859438,14.09750503,0.4698299769250594,0.903,0.0,-0.02630925347516544,0.4660129363163017,0.6295954649513049,4.203051090899841,9,0.7363107781851077,-5.38,2,"[572.7999877929688, 529.0]"
random_walk,1788871638.2378936,14.149454391,0.431246799474062,0.903,0.0,-0.02630925347516544,0.4668282500971921,0.630255981525673,4.408541304845507,9,0.6335340653967698,-5.38,2,"[572.7999877929688, 529.0]"
random_walk,1788871638.2858047,14.197365670000002,0.41218077720392554,0.903,0.0,-0.02630925347516544,0.4675212668109489,0.6308174206138859,4.598829204653491,9,0.5875146417602005,-123.74,2,"[603.2000122070312, 472.20001220703125]"
random_walk,1788871638.3357697,14.247330805,0.41025753755853234,0.903,0.0,-0.02630925347516544,0.4681103310176422,0.6312946438388669,4.797063544319158,9,0.5092816215780329,-118.36,2,"[603.2000122070312, 472.20001220703125]"
random_walk,1788871638.3858576,14.297418596000002,0.4267666001932526,0.903,0.0,-0.02630925347516544,0.4686110355933315,0.6317002835801007,4.995744136575105,9,0.4678641403051206,-180.23,2,"[637.7999877929688, 392.3999938964844]"
random_walk,1788871638.4359362,14.347497095000001,0.4611282081178742,0.903,0.0,-0.02630925347516544,0.4690366344826674,0.6320450773601494,5.194557107160662,9,0.440252486123179,-166.78,2,"[637.7999877929688, 392.3999938964844]"
random_walk,1788871638.48592,14.397480951,0.5119304932997482,0.903,0.0,-0.02630925347516544,0.4693983935386029,0.6323381520731908,5.393171689397391,9,0.4249126782443226,-158.71,2,"[641.5999755859375, 363.6000061035156]"
random_walk,1788871638.5360334,14.447594394000001,0.5901970223812424,0.903,0.0,-0.02630925347516544,0.4535861377744444,0.6561854683184171,5.599545298556045,9,0.4249126782443226,-64.56,2,"[641.5999755859375, 363.6000061035156]"
random_walk,1788871638.5858026,14.497363669,0.6766749668613026,0.903,0.0,-0.02630925347516544,0.4401457203749097,0.6764556871268594,5.811452166370351,9,0.440252486123179,2.69,2,"[634.4000244140625, 361.79998779296875]"
random_walk,1788871638.635914,14.547475006,0.7691815196992505,0.903,0.0,-0.02630925347516544,0.42872136558530516,0.6936853731140354,6.029712681459138,9,0.47553404424454876,2.69,2,"[634.4000244140625, 361.79998779296875]"
random_walk,1788871638.6857882,14.59734931,0.863576502868152,0.903,0.0,-0.02630925347516544,0.41901066401414133,0.708330606203135,6.2518820808298585,9,0.5491651220630596,2.69,2,"[615.2000122070312, 412.0]"
random_walk,1788871638.7357845,14.647345473000001,0.9563030492923829,0.903,0.0,-0.02630925347516544,0.41075656767865204,0.7207790543288697,0.19505317009608092,10,0.6166602767300278,8.07,2,"[615.2000122070312, 412.0]"
random_walk,1788871638.7859383,14.69749919,1.0433020073797736,0.903,0.0,-0.02630925347516544,0.40374058579348615,0.7313602352357441,0.425382354969301,10,0.6979612584879668,34.97,2,"[587.4000244140625, 501.79998779296875]"
random_walk,1788871638.8384418,14.750002896000002,1.123519709660371,0.903,0.0,-0.02630925347516544,0.39777700119109516,0.7403542390065874,0.6694068463967255,10,0.782330201821677,37.66,2,"[587.4000244140625, 501.79998779296875]"
random_walk,1788871638.8859565,14.797517480000002,1.182569157116221,0.903,0.0,-0.02630925347516544,0.3927079542790628,0.7479991422118042,0.8929025607591186,10,0.8605632220038447,2.69,2,"[546.5999755859375, 578.2000122070312]"
random_walk,1788871638.935948,14.847508995,1.2279461407852366,0.903,0.0,-0.02630925347516544,0.3883992644038353,0.7544973099362384,1.1298935950744138,10,0.9648739155800683,2.69,2,"[546.5999755859375, 578.2000122070312]"
random_walk,1788871638.98581,14.897371016000001,1.2535599821395016,0.903,0.0,-0.02630925347516544,0.3847368780098919,0.7600207525020075,1.36821553011238,10,1.043106935762236,34.97,2,"[504.20001220703125, 626.4000244140625]"
random_walk,1788871639.0360265,14.94758741,1.2580314580437628,0.903,0.0,-0.02630925347516544,0.38162384957504003,0.7647156786829112,1.6093196036461421,10,1.1106020904292042,86.08,2,"[504.20001220703125, 626.4000244140625]"
random_walk,1788871639.0857635,14.997324365,1.2410167417658093,0.903,0.0,-0.02630925347516544,0.37897777540541594,0.7687063659366794,1.84976956776093,10,1.184233168247715,86.08,2,"[465.20001220703125, 657.7999877929688]"
random_walk,1788871639.13573,15.047290962000002,1.203343565981032,0.903,0.0,-0.02630925347516544,0.37672861236123545,0.7720984501023824,2.09228750711938,10,1.2195147263690846,110.28999999999999,2,"[465.20001220703125, 657.7999877929688]"
random_walk,1788871639.1857486,15.097309586000002,1.1470739986295886,0.903,0.0,-0.02630925347516544,0.37481682377368203,0.77498172164323,2.335807852649083,10,1.2302525918842842,102.22,2,"[430.79998779296875, 683.2000122070312]"
random_walk,1788871639.2359602,15.147521178000002,1.0751967870225507,0.903,0.0,-0.02630925347516544,0.3731918034742617,0.7774325024529504,2.5807331079767977,10,1.2287186110963986,-2.69,2,"[430.79998779296875, 683.2000122070312]"
random_walk,1788871639.2859433,15.197504202000001,0.9922434413892636,0.903,0.0,-0.02630925347516544,0.37181053621975435,0.7795156661412127,2.8255750867637346,10,1.2118448224296565,-2.69,2,"[424.0, 676.2000122070312]"
random_walk,1788871639.336039,15.247599902000001,0.9006093720025173,0.903,0.0,-0.02630925347516544,0.36640252504435267,0.7967154948617238,3.0762665588378155,10,1.1765632643082868,-5.38,2,"[424.0, 676.2000122070312]"
random_walk,1788871639.3859017,15.297462557000001,0.8087136554633809,0.903,0.0,-0.02630925347516544,0.3618057155452612,0.8113353492741582,3.3305988227187413,10,1.1244079175201749,-34.97,2,"[459.20001220703125, 652.5999755859375]"
random_walk,1788871639.4359944,15.347555385000001,0.7216331236938851,0.903,0.0,-0.02630925347516544,0.3578984274710334,0.8237622255247274,3.5896825258018765,10,1.059980724428978,-21.52,2,"[459.20001220703125, 652.5999755859375]"
random_walk,1788871639.485775,15.397336035,0.6457159398496346,0.903,0.0,-0.02630925347516544,0.35457723260793983,0.8343250703377113,3.8510326946917672,10,0.9556700308527545,-21.52,2,"[503.3999938964844, 612.4000244140625]"
random_walk,1788871639.5357661,15.447327201,0.585659304667858,0.903,0.0,-0.02630925347516544,0.3517542169743103,0.8433034884287476,4.116004298464844,10,0.8774370106705868,-72.63,2,"[503.3999938964844, 612.4000244140625]"
random_walk,1788871639.585945,15.497505867000001,0.5460119726413536,0.903,0.0,-0.02630925347516544,0.34935465368572516,0.8509351438061284,4.3839337136596015,10,0.7807962210337913,-2.69,2,"[564.2000122070312, 548.0]"
random_walk,1788871639.6358721,15.547432999000002,0.529990268513497,0.903,0.0,-0.02630925347516544,0.34731502489042787,0.8574220508769022,4.652892019944659,10,0.701029220063738,-26.9,2,"[564.2000122070312, 548.0]"
random_walk,1788871639.6857827,15.597343741000001,0.538800120942367,0.903,0.0,-0.02630925347516544,0.3455813404144251,0.8629359218870598,4.923753423879475,10,0.6396699885483124,-88.77,2,"[596.2000122070312, 500.20001220703125]"
random_walk,1788871639.73582,15.647381216000001,0.5721088379686832,0.903,0.0,-0.02630925347516544,0.34410770860982276,0.8676227122456938,5.196400438429023,10,0.5905826033359719,-64.56,2,"[596.2000122070312, 500.20001220703125]"
random_walk,1788871639.7858016,15.697362515000002,0.6276729170323789,0.903,0.0,-0.02630925347516544,0.3428551215759108,0.8716064840505326,5.4702524097232015,10,0.5522330836388308,-8.07,2,"[603.5999755859375, 446.79998779296875]"
random_walk,1788871639.8358614,15.747422333000001,0.7016116157656399,0.903,0.0,-0.02630925347516544,0.3417904225970856,0.8749926900846458,5.745392998770768,10,0.5460971604872883,0.0,2,"[603.5999755859375, 446.79998779296875]"
random_walk,1788871639.8858185,15.797379605000001,0.7882980813856937,0.903,0.0,-0.02630925347516544,0.3408854284650842,0.8778709652136418,6.02088470419578,10,0.5645049299419159,0.0,2,"[605.4000244140625, 432.3999938964844]"
random_walk,1788871639.935889,15.847449988000001,0.8816941679681367,0.903,0.0,-0.02630925347516544,0.34011618345288297,0.8803174990732885,0.014711449117449149,11,0.5982525072754,5.38,2,"[605.4000244140625, 432.3999938964844]"
random_walk,1788871639.9858367,15.897397774000002,0.974235525014594,0.903,0.0,-0.02630925347516544,0.33946232519251196,0.8823970528539882,0.29145986115224076,11,0.6504078540635119,2.69,2,"[594.4000244140625, 477.0]"
random_walk,1788871640.0359917,15.947552541,1.0595410979030446,0.903,0.0,-0.02630925347516544,0.3389065456711966,0.8841646735675829,0.5698791526660827,11,0.7209709703062513,21.52,2,"[594.4000244140625, 477.0]"
random_walk,1788871640.0859485,15.997509588000002,1.1408875480093628,0.903,0.0,-0.02630925347516544,0.3518011641549933,0.8908601963148366,0.8495499543003504,11,0.7976700097005334,61.87,2,"[564.5999755859375, 541.0]"
random_walk,1788871640.1359708,16.047531805000002,1.2050013961984614,0.903,0.0,-0.02630925347516544,0.36276158986622054,0.8965513906500022,1.131453668476091,11,0.8881748761857863,5.38,2,"[564.5999755859375, 541.0]"
random_walk,1788871640.1858358,16.097396799000002,1.241773743500247,0.903,0.0,-0.02873907616251456,0.37207795172076363,0.9013889058348931,1.4139877745638998,11,0.9771457618831534,5.38,2,"[517.0, 601.5999755859375]"
random_walk,1788871640.2361588,16.147719789,1.2511082772552853,0.903,0.0,-0.02873907616251456,0.37999685929712534,0.9055007937420503,1.699635112883776,11,1.0584467436410925,59.18,2,"[517.0, 601.5999755859375]"
random_walk,1788871640.2857823,16.197343478,1.2284487000381807,0.903,0.0,-0.02873907616251456,0.3867279307370327,0.9089958984631339,1.9839535394968593,11,1.1474176293384597,59.18,2,"[474.6000061035156, 638.2000122070312]"
random_walk,1788871640.3357322,16.247293435,1.1745663342626598,0.903,0.0,-0.02873907616251456,0.392449341460954,0.911966737476055,2.2702281574839063,11,1.1995729761265714,69.94,2,"[474.6000061035156, 638.2000122070312]"
