trial,split,n_finestre,sensor_diff_RMSE,sensor_diff_MAE,sensor_diff_nRMSE,sensor_diff_R2,sensor_diff_RMSE_persist,sensor_diff_skill_rmse,sensor_diff_MAE_persist,sensor_diff_skill_mae,current_RMSE,current_MAE,current_nRMSE,current_R2,current_RMSE_persist,current_skill_rmse,current_MAE_persist,current_skill_mae
trial_1.csv,val,281,18.2029,14.2504,0.1454,0.9789,55.9568,0.6747,38.4434,0.6293,14.0478,9.6399,0.2817,0.9206,46.694,0.6992,30.1069,0.6798
trial_106.csv,val,280,40.9779,24.1858,0.2884,0.9168,100.1309,0.5908,77.7455,0.6889,16.7233,10.6397,0.2891,0.9164,59.894,0.7208,44.385,0.7603
trial_114.csv,val,279,17.0582,11.7503,0.105,0.989,108.4344,0.8427,76.134,0.8457,15.3222,9.4886,0.2764,0.9236,62.8377,0.7562,44.332,0.786
trial_115.csv,val,281,18.2119,13.8582,0.0923,0.9915,134.1014,0.8642,106.8028,0.8702,15.6556,10.3371,0.221,0.9512,82.648,0.8106,66.063,0.8435
trial_19.csv,val,280,15.7104,12.2823,0.1129,0.9872,70.5718,0.7774,55.1636,0.7773,14.3264,8.8387,0.2944,0.9133,51.1439,0.7199,37.6216,0.7651
trial_21.csv,val,280,33.6819,21.563,0.2679,0.9283,85.6864,0.6069,59.8271,0.6396,11.3857,7.6969,0.2703,0.9269,38.1891,0.7019,26.0642,0.7047
trial_25.csv,val,280,13.2211,10.1405,0.0834,0.993,62.5118,0.7885,45.045,0.7749,13.773,8.7888,0.2559,0.9345,47.3615,0.7092,32.4241,0.7289
trial_26.csv,val,280,12.9125,9.8162,0.0972,0.9906,76.7452,0.8317,56.3021,0.8257,12.4705,8.0446,0.2112,0.9554,60.4205,0.7936,43.9719,0.8171
trial_3.csv,val,280,19.892,15.0464,0.1413,0.98,76.7757,0.7409,60.0795,0.7496,16.42,10.81,0.2782,0.9226,63.7653,0.7425,48.2086,0.7758
trial_38.csv,val,280,33.9439,21.5992,0.201,0.9596,92.1721,0.6317,65.709,0.6713,15.0526,8.8628,0.3213,0.8967,44.9965,0.6655,29.6957,0.7015
trial_4.csv,val,280,23.4093,14.8486,0.2219,0.9508,68.2327,0.6569,53.4357,0.7221,11.3399,7.8684,0.2592,0.9328,52.8019,0.7852,37.6312,0.7909
trial_46.csv,val,280,11.0719,8.3723,0.0664,0.9956,88.0784,0.8743,72.0929,0.8839,10.0188,7.4216,0.2133,0.9545,50.3576,0.801,38.4094,0.8068
trial_47.csv,val,280,16.4258,12.326,0.0916,0.9916,107.3145,0.8469,82.4021,0.8504,14.8637,10.3715,0.2225,0.9505,72.1153,0.7939,54.9432,0.8112
trial_56.csv,val,280,37.2967,22.3527,0.2528,0.9361,114.8065,0.6751,75.9095,0.7055,12.1464,8.481,0.2225,0.9505,57.111,0.7873,38.8321,0.7816
trial_57.csv,val,280,36.1871,21.9294,0.1929,0.9628,124.3059,0.7089,94.0649,0.7669,12.2965,8.2947,0.2084,0.9566,62.5465,0.8034,45.1055,0.8161
trial_70.csv,val,280,13.6888,10.5802,0.1099,0.9879,67.9911,0.7987,48.4964,0.7818,9.1461,6.4023,0.2225,0.9505,39.197,0.7667,26.7175,0.7604
trial_72.csv,val,280,26.1565,14.0505,0.1793,0.9679,87.1045,0.6997,65.0086,0.7839,11.1361,7.9737,0.2525,0.9363,50.7102,0.7804,36.5552,0.7819
trial_79.csv,val,280,14.8371,10.3031,0.0818,0.9933,65.7764,0.7744,46.735,0.7795,13.572,8.2053,0.2197,0.9518,55.2606,0.7544,33.4136,0.7544
trial_83.csv,val,280,12.2189,9.4032,0.0949,0.991,77.2834,0.8419,50.0921,0.8123,12.3115,8.215,0.242,0.9414,55.647,0.7788,36.5456,0.7752
trial_85.csv,val,280,15.2268,12.0166,0.0864,0.9925,111.9094,0.8639,92.7693,0.8705,14.1364,9.2126,0.2297,0.9472,69.484,0.7966,57.028,0.8385
trial_89.csv,val,280,34.6089,20.3907,0.2224,0.9505,89.9917,0.6154,67.3377,0.6972,10.2865,7.5033,0.2058,0.9577,45.6468,0.7747,31.7612,0.7638
trial_90.csv,val,280,39.0968,22.9583,0.1996,0.9601,125.17,0.6877,97.7639,0.7652,13.5724,9.1381,0.2321,0.9461,63.3104,0.7856,48.3527,0.811
trial_93.csv,val,280,20.3164,13.4211,0.1348,0.9818,102.2499,0.8013,79.1679,0.8305,15.8715,9.1355,0.3046,0.9072,61.0331,0.74,46.5562,0.8038
trial_94.csv,val,280,15.9303,11.6068,0.0835,0.993,126.5876,0.8742,90.2686,0.8714,13.2251,8.7647,0.23,0.9471,68.9505,0.8082,50.303,0.8258
== MEDIA per-trial ==,MEDIA_val,24,22.5118,14.9605,0.148,0.9737,92.4953,0.7529,69.0332,0.7747,13.2958,8.7556,0.2485,0.9371,56.7551,0.7615,41.0428,0.7785
== COMPLESSIVO (pooled) ==,POOLED_val,6721,24.5032,14.9607,0.1518,0.977,95.1426,0.7425,69.0332,0.7833,13.4505,8.7559,0.2458,0.9396,57.7232,0.767,41.0444,0.7867
