mode,t_ros_sec,t_rel_sec,tail_target_rad,center_rad,tail_amp_rad,tail_freq_hz,phase_rad,real_position_rad,present_current_ma,sensor_values
std,1790078354.5986323,0.043375239,0.9436248401890898,0.903,0.3,0.5,0.1358334531118995,0.6289321230331129,-40.35,"[668.4000244140625, 591.5999755859375]"
std,1790078354.6485229,0.09326579800000001,0.9895839694508398,0.903,0.3,0.5,0.2927781166878056,0.6166602767300278,34.97,"[673.4000244140625, 570.5999755859375]"
std,1790078354.698596,0.143338939,1.0334746628491365,0.903,0.3,0.5,0.4499444824572756,0.6596117387908257,34.97,"[673.4000244140625, 570.5999755859375]"
std,1790078354.7485206,0.193263509,1.0741020885512658,0.903,0.3,0.5,0.606920078154449,0.760854470791278,64.56,"[644.2000122070312, 581.2000122070312]"
std,1790078354.798526,0.24326908300000002,1.110547156813347,0.903,0.3,0.5,0.7640118907886566,0.880504972246358,10.76,"[644.2000122070312, 581.2000122070312]"
std,1790078354.8485177,0.29326065500000004,1.141880570006136,0.903,0.3,0.5,0.9211016959451586,0.966407896367954,2.69,"[550.7999877929688, 614.4000244140625]"
std,1790078354.898553,0.343295983,1.167344808196155,0.903,0.3,0.5,1.078287492465191,1.033903051034922,37.66,"[550.7999877929688, 614.4000244140625]"
std,1790078354.9486268,0.393369791,1.1862943654054,0.903,0.3,0.5,1.2355051855754353,1.0799224746714913,48.42,"[505.6000061035156, 632.5999755859375]"
std,1790078354.9987597,0.44350260500000005,1.1982642881440595,0.903,0.3,0.5,1.3928782932742527,1.1136700520049756,67.25,"[505.6000061035156, 632.5999755859375]"
std,1790078355.0487497,0.49349262400000005,1.2029346641419671,0.903,0.3,0.5,1.5499255769741884,1.141281706186917,91.46,"[485.0, 645.7999877929688]"
std,1790078355.0986826,0.5434255640000001,1.2002267135220444,0.903,0.3,0.5,1.7068739978949083,1.1612234564294304,91.46,"[485.0, 645.7999877929688]"
std,1790078355.1486773,0.5934202740000001,1.1902074273150247,0.903,0.3,0.5,1.8638780846958571,1.1780972450961724,110.28999999999999,"[466.6000061035156, 658.0]"
std,1790078355.198666,0.6434090530000001,1.1731226375709205,0.903,0.3,0.5,2.0208843957444045,1.188835110611372,110.28999999999999,"[466.6000061035156, 658.0]"
std,1790078355.248536,0.693279129,1.1494206692086486,0.903,0.3,0.5,2.177727422514782,1.188835110611372,59.18,"[445.3999938964844, 664.0]"
std,1790078355.2985442,0.7432872420000001,1.1196023459922773,0.903,0.3,0.5,2.334892754700269,1.1857671490356005,0.0,"[445.3999938964844, 664.0]"
std,1790078355.3487446,0.7934873720000001,1.0843551171572094,0.903,0.3,0.5,2.492433186765409,1.175029283520401,-2.69,"[440.79998779296875, 663.0]"
std,1790078355.3988037,0.843546718,1.044679144560745,0.903,0.3,0.5,2.6497353730100714,1.158155494853659,-2.69,"[440.79998779296875, 663.0]"
std,1790078355.448813,0.893555764,1.0015548276725683,0.903,0.3,0.5,2.806860615331706,1.1351457830353744,-2.69,"[445.6000061035156, 657.5999755859375]"
std,1790078355.498717,0.943460022,0.9561227194274168,0.903,0.3,0.5,2.9635782234401664,1.102932186489776,-5.38,"[445.6000061035156, 657.5999755859375]"
std,1790078355.548804,0.9935467680000001,0.9091971857124629,0.903,0.3,0.5,3.120933898441349,1.0722525707320631,-18.83,"[455.0, 657.2000122070312]"
std,1790078355.5984993,1.043242087,0.8624194408895018,0.903,0.3,0.5,3.277277132378059,1.0231651855197226,-18.83,"[455.0, 657.2000122070312]"
std,1790078355.6485057,1.093248617,0.8164156046299647,0.903,0.3,0.5,3.4343722531093306,0.983281685034696,-64.56,"[480.79998779296875, 645.5999755859375]"
std,1790078355.698631,1.1433740410000002,0.7724891432179452,0.903,0.3,0.5,3.591671121832151,0.9387962421860124,-43.04,"[480.79998779296875, 645.5999755859375]"
std,1790078355.748584,1.193326941,0.7318545325364221,0.903,0.3,0.5,3.7486887771717705,0.8958447801252144,-53.8,"[552.0, 631.5999755859375]"
std,1790078355.798748,1.243490943,0.6953383027075216,0.903,0.3,0.5,3.9061334409264585,0.8498253564886452,-18.83,"[552.0, 631.5999755859375]"
std,1790078355.8486905,1.29343348,0.6640554408751331,0.903,0.3,0.5,4.06304702158465,0.8022719520641903,-21.52,"[611.2000122070312, 615.5999755859375]"
std,1790078355.8986926,1.343435645,0.6386187472343936,0.903,0.3,0.5,4.220137128334047,0.760854470791278,-24.21,"[611.2000122070312, 615.5999755859375]"
std,1790078355.9487953,1.393538124,0.6196571141943766,0.903,0.3,0.5,4.377589715185407,0.722504951094137,-24.21,"[651.2000122070312, 600.2000122070312]"
std,1790078355.9985962,1.443339154,0.6077572881433859,0.903,0.3,0.5,4.53406502796046,0.679553489033339,-24.21,"[651.2000122070312, 600.2000122070312]"
std,1790078356.0485206,1.493263519,0.6030685331636711,0.903,0.3,0.5,4.691013640518332,0.6519418348513975,-34.97,"[669.5999755859375, 592.2000122070312]"
std,1790078356.0985794,1.543322262,0.6057622553709894,0.903,0.3,0.5,4.848195330976766,0.6289321230331129,-37.66,"[669.5999755859375, 592.2000122070312]"
std,1790078356.1486616,1.593404647,0.6157948038879073,0.903,0.3,0.5,5.005496480495853,0.6151262959421421,-40.35,"[674.5999755859375, 570.5999755859375]"
std,1790078356.1986883,1.6434313660000002,0.6328925231040421,0.903,0.3,0.5,5.162593197156193,0.6105243535784852,-53.8,"[674.5999755859375, 570.5999755859375]"
std,1790078356.2486799,1.693422731,0.6566428077484627,0.903,0.3,0.5,5.319690959966886,0.6105243535784852,-13.45,"[674.2000122070312, 554.0]"
std,1790078356.2987661,1.743509125,0.6865119734102353,0.903,0.3,0.5,5.477036013243307,0.6120583343663708,2.69,"[674.2000122070312, 554.0]"
std,1790078356.3486834,1.7934263600000002,0.7216086519943209,0.903,0.3,0.5,5.633874223952146,0.6212622190936846,2.69,"[667.4000244140625, 549.4000244140625]"
std,1790078356.398596,1.843338801,0.76115938414588,0.903,0.3,0.5,5.790717304129599,0.6427379501240836,2.69,"[667.4000244140625, 549.4000244140625]"
std,1790078356.4485283,1.8932712040000002,0.8042213701701275,0.903,0.3,0.5,5.947663315448754,0.6657476619423682,2.69,"[653.0, 565.7999877929688]"
std,1790078356.4987226,1.9434657340000001,0.8498777601335994,0.903,0.3,0.5,6.105172501233361,0.6948932969121955,13.45,"[653.0, 565.7999877929688]"
std,1790078356.5485308,1.993273826,0.8966042581744417,0.903,0.3,0.5,6.2618645524855845,0.7286408742456796,18.83,"[636.5999755859375, 571.4000244140625]"
std,1790078356.5987568,2.0434996450000003,0.9437599423280025,0.903,0.3,0.5,0.13628799444498352,0.7669903939428205,18.83,"[636.5999755859375, 571.4000244140625]"
std,1790078356.6488276,2.093570328,0.9898157081090934,0.903,0.3,0.5,0.2935850096281385,0.8099418560036186,10.76,"[605.0, 600.5999755859375]"
std,1790078356.6987135,2.143456273,1.0335673965731416,0.903,0.3,0.5,0.4502877894192743,0.8559612796401878,2.69,"[605.0, 600.5999755859375]"
std,1790078356.7487051,2.1934481740000003,1.0742048951675065,0.903,0.3,0.5,0.6073373350659201,0.9019807032767571,2.69,"[573.4000244140625, 605.2000122070312]"
std,1790078356.7985885,2.243331588,1.1106049673727574,0.903,0.3,0.5,0.764278800500505,0.9572040116406401,2.69,"[573.4000244140625, 605.2000122070312]"
std,1790078356.848506,2.29324883,1.1418791457750526,0.903,0.3,0.5,0.9210938482467093,1.000155473701438,16.14,"[521.5999755859375, 611.2000122070312]"
std,1790078356.8986979,2.3434408810000003,1.167381762331148,0.903,0.3,0.5,1.07854806872625,1.0400389741864646,34.97,"[521.5999755859375, 611.2000122070312]"
std,1790078356.948668,2.39341104,1.1863065421550425,0.903,0.3,0.5,1.2356285622021268,1.0783884938836057,45.73,"[501.3999938964844, 620.7999877929688]"
std,1790078356.9987314,2.4434742110000003,1.198260524048829,0.903,0.3,0.5,1.3928074126608019,1.1075341288534328,72.63,"[501.3999938964844, 620.7999877929688]"
std,1790078357.0487163,2.49345922,1.202934466242335,0.903,0.3,0.5,1.5498939914016487,1.1366797638232602,83.39,"[475.79998779296875, 644.0]"
std,1790078357.098731,2.5434740070000004,1.2002238050908194,0.903,0.3,0.5,1.7069454439950356,1.1596894756415448,91.46,"[475.79998779296875, 644.0]"
std,1790078357.1487386,2.593481685,1.190194868125442,0.903,0.3,0.5,1.8640229560994843,1.1765632643082868,96.84,"[455.3999938964844, 664.0]"
std,1790078357.1986034,2.643346273,1.1731221402145826,0.903,0.3,0.5,2.020888206496293,1.1857671490356005,96.84,"[455.3999938964844, 664.0]"
std,1790078357.248505,2.693248141,1.1494146937460339,0.903,0.3,0.5,2.177762344458719,1.188835110611372,45.73,"[445.6000061035156, 670.4000244140625]"
std,1790078357.298524,2.743267076,1.1196056722559204,0.903,0.3,0.5,2.334876729436143,1.1873011298234863,0.0,"[445.6000061035156, 670.4000244140625]"
std,1790078357.348621,2.793363915,1.0844439703124356,0.903,0.3,0.5,2.492061329009374,1.175029283520401,-2.69,"[443.79998779296875, 665.7999877929688]"
std,1790078357.3987055,2.843448534,1.0447789694791456,0.903,0.3,0.5,2.649357835254518,1.1566215140657734,-2.69,"[443.79998779296875, 665.7999877929688]"
std,1790078357.4485826,2.893325812,1.0017390263619699,0.903,0.3,0.5,2.8062104658736367,1.1351457830353744,-2.69,"[456.20001220703125, 660.7999877929688]"
std,1790078357.4988315,2.9435744240000004,0.9560146430553135,0.903,0.3,0.5,2.9639442504002353,1.1044661672776617,-2.69,"[456.20001220703125, 660.7999877929688]"
std,1790078357.5486646,2.993407577,0.9093067193078649,0.903,0.3,0.5,3.1205687071449244,1.0737865515199487,-32.28,"[464.79998779296875, 654.0]"
std,1790078357.598553,3.0432959700000004,0.8624036342526139,0.903,0.3,0.5,3.2773303101169056,1.021631204731837,-32.28,"[464.79998779296875, 654.0]"
std,1790078357.648488,3.0932310100000002,0.8164235771108878,0.903,0.3,0.5,3.4343444971382358,0.9817477042468103,-67.25,"[491.79998779296875, 641.5999755859375]"
std,1790078357.6985514,3.143294327,0.7725248296439474,0.903,0.3,0.5,3.5915390147194746,0.9372622613981267,-34.97,"[491.79998779296875, 641.5999755859375]"
std,1790078357.7486753,3.1934183380000003,0.731806684636039,0.903,0.3,0.5,3.74888298414643,0.8943107993373288,-51.11,"[551.0, 627.4000244140625]"
std,1790078357.7987466,3.243489335,0.6953372525019916,0.903,0.3,0.5,3.906138291545515,0.8482913757007595,-26.9,"[551.0, 627.4000244140625]"
std,1790078357.8485649,3.2933077550000003,0.6641029104445192,0.903,0.3,0.5,4.06278538032368,0.8022719520641903,-21.52,"[601.7999877929688, 612.5999755859375]"
std,1790078357.8987446,3.3434877430000003,0.6386007189765195,0.903,0.3,0.5,4.2202642968630695,0.760854470791278,-24.21,"[601.7999877929688, 612.5999755859375]"
std,1790078357.9486942,3.393436963,0.6196892990431773,0.903,0.3,0.5,4.377263363398958,0.722504951094137,-29.59,"[637.7999877929688, 600.7999877929688]"
std,1790078357.9985185,3.4432612020000004,0.6077646556212088,0.903,0.3,0.5,4.533926631379289,0.679553489033339,-29.59,"[637.7999877929688, 600.7999877929688]"
std,1790078358.0485208,3.4932638750000002,0.603068346694489,0.903,0.3,0.5,4.6910427410910795,0.6519418348513975,-34.97,"[665.0, 598.7999877929688]"
std,1790078358.0988886,3.5436315720000002,0.6057938019588293,0.903,0.3,0.5,4.848969824672061,0.6289321230331129,-48.42,"[665.0, 598.7999877929688]"
std,1790078358.1495082,3.594251233,0.6160075726747591,0.903,0.3,0.5,5.007941267898875,0.6151262959421421,-37.66,"[671.7999877929688, 576.7999877929688]"
std,1790078358.1990933,3.643836411,0.633042412048703,0.903,0.3,0.5,5.163740016704828,0.6089903727905995,-59.18,"[671.7999877929688, 576.7999877929688]"
std,1790078358.2486417,3.6933846310000003,0.6566283007045202,0.903,0.3,0.5,5.319606215505054,0.6089903727905995,-8.07,"[668.4000244140625, 555.2000122070312]"
std,1790078358.2986946,3.7434373360000004,0.6864667153941045,0.903,0.3,0.5,5.476818071536147,0.6120583343663708,5.38,"[668.4000244140625, 555.2000122070312]"
std,1790078358.3486664,3.793409468,0.7215952848469894,0.903,0.3,0.5,5.633818281611761,0.6212622190936846,2.69,"[670.2000122070312, 551.0]"
std,1790078358.3986554,3.84339828,0.7611937141417051,0.903,0.3,0.5,5.790847165003525,0.6427379501240836,2.69,"[670.2000122070312, 551.0]"
std,1790078358.4485266,3.8932695410000004,0.8042165023010726,0.903,0.3,0.5,5.947646130936935,0.6657476619423682,2.69,"[656.0, 558.0]"
std,1790078358.4985566,3.9432993470000004,0.8497743089913541,0.903,0.3,0.5,6.10482211626311,0.6948932969121955,18.83,"[656.0, 558.0]"
std,1790078358.548553,3.9932958870000004,0.8966122919161105,0.903,0.3,0.5,6.2618913377045455,0.7286408742456796,29.59,"[633.7999877929688, 570.4000244140625]"
std,1790078358.5987537,4.043496494,0.9437633523377661,0.903,0.3,0.5,0.1362994675413507,0.7669903939428205,24.21,"[633.7999877929688, 570.4000244140625]"
std,1790078358.6485362,4.093279077,0.989587369580129,0.903,0.3,0.5,0.29278995420892073,0.8084078752157329,16.14,"[597.5999755859375, 597.2000122070312]"
std,1790078358.6986964,4.143439178,1.033552930588696,0.903,0.3,0.5,0.4502342315477126,0.8544272988523022,10.76,"[597.5999755859375, 597.2000122070312]"
std,1790078358.748687,4.193429773,1.0742044803381408,0.903,0.3,0.5,0.6073356511722547,0.9019807032767571,2.69,"[559.5999755859375, 606.7999877929688]"
std,1790078358.798529,4.243271885,1.110558886829845,0.903,0.3,0.5,0.7640660424212236,0.9572040116406401,2.69,"[559.5999755859375, 606.7999877929688]"
std,1790078358.848489,4.29323196,1.1418639811920221,0.903,0.3,0.5,0.9210102944484913,1.000155473701438,18.83,"[511.3999938964844, 616.0]"
std,1790078358.898634,4.343376891,1.1673659419356721,0.903,0.3,0.5,1.0784364982047467,1.0400389741864646,37.66,"[511.3999938964844, 616.0]"
std,1790078358.9486246,4.393367363,1.1862876296299927,0.903,0.3,0.5,1.235436956466181,1.0768545130957201,48.42,"[501.3999938964844, 630.4000244140625]"
std,1790078358.9987404,4.44348321,1.1982590386566605,0.903,0.3,0.5,1.392779449344589,1.1075341288534328,75.32,"[501.3999938964844, 630.4000244140625]"
std,1790078359.0488179,4.493560776000001,1.2029352280829382,0.903,0.3,0.5,1.5500158474974928,1.1366797638232602,83.39,"[482.20001220703125, 652.4000244140625]"
std,1790078359.0987062,4.54344925,1.2002256982628952,0.903,0.3,0.5,1.7068989421405742,1.1596894756415448,102.22,"[482.20001220703125, 652.4000244140625]"
std,1790078359.1487334,4.593476266000001,1.1901939770366923,0.903,0.3,0.5,1.8640332322490512,1.1765632643082868,104.91,"[462.20001220703125, 662.5999755859375]"
std,1790078359.198632,4.6433750400000005,1.173122301353546,0.903,0.3,0.5,2.020886971850377,1.1857671490356005,104.91,"[462.20001220703125, 662.5999755859375]"
std,1790078359.2485259,4.693268971,1.1494136449450119,0.903,0.3,0.5,2.1777684737059833,1.188835110611372,69.94,"[458.79998779296875, 668.0]"
std,1790078359.2985709,4.743313746,1.1195875933002393,0.903,0.3,0.5,2.334963826950869,1.1873011298234863,0.0,"[458.79998779296875, 668.0]"
std,1790078359.3487468,4.793489888,1.0843631292776061,0.903,0.3,0.5,2.4923996596886084,1.1765632643082868,-2.69,"[445.0, 665.5999755859375]"
std,1790078359.398751,4.843494016,1.0447281507914534,0.903,0.3,0.5,2.649550041034656,1.158155494853659,-2.69,"[445.0, 665.5999755859375]"
std,1790078359.4488332,4.893576135,1.0015454461301456,0.903,0.3,0.5,2.80689372457668,1.1351457830353744,-2.69,"[446.79998779296875, 659.4000244140625]"
std,1790078359.4987316,4.943474693000001,0.9561128897899598,0.903,0.3,0.5,2.963611514897515,1.102932186489776,-5.38,"[446.79998779296875, 659.4000244140625]"
std,1790078359.5487566,4.993499582,0.9092658313484046,0.903,0.3,0.5,3.120705030274941,1.0722525707320631,-18.83,"[457.79998779296875, 652.5999755859375]"
std,1790078359.598813,5.0435560210000006,0.8622271506452489,0.903,0.3,0.5,3.2779240742700253,1.0231651855197226,-18.83,"[457.79998779296875, 652.5999755859375]"
std,1790078359.6485407,5.093283653,0.8164124652865117,0.903,0.3,0.5,3.434383182710171,0.983281685034696,-64.56,"[480.3999938964844, 645.0]"
std,1790078359.6985388,5.143281857000001,0.7725456454434568,0.903,0.3,0.5,3.591461960876458,0.9387962421860124,-48.42,"[480.3999938964844, 645.0]"
std,1790078359.7486484,5.193391317000001,0.731834165158221,0.903,0.3,0.5,3.7487714418992617,0.8943107993373288,-37.66,"[536.4000244140625, 633.4000244140625]"
std,1790078359.7987242,5.2434671,0.6953448815673212,0.903,0.3,0.5,3.906103055442312,0.8482913757007595,-24.21,"[536.4000244140625, 633.4000244140625]"
std,1790078359.8487167,5.293459645,0.6640479881743491,0.903,0.3,0.5,4.063088107333371,0.8022719520641903,-26.9,"[606.0, 619.4000244140625]"
std,1790078359.8986857,5.343428857,0.638624021705601,0.903,0.3,0.5,4.220099928735433,0.760854470791278,-24.21,"[606.0, 619.4000244140625]"
std,1790078359.9486742,5.393416998,0.6197002327846999,0.903,0.3,0.5,4.377152565709249,0.722504951094137,-29.59,"[648.5999755859375, 606.5999755859375]"
std,1790078359.998765,5.4435078930000005,0.6077380246585293,0.903,0.3,0.5,4.534427391823492,0.679553489033339,-29.59,"[648.5999755859375, 606.5999755859375]"
std,1790078360.0486097,5.493352655000001,0.603067609960233,0.903,0.3,0.5,4.691158106656502,0.6519418348513975,-26.9,"[676.5999755859375, 596.5999755859375]"
std,1790078360.0986755,5.5434185860000005,0.6057691262322656,0.903,0.3,0.5,4.84836438950223,0.6304661038209985,-45.73,"[676.5999755859375, 596.5999755859375]"
std,1790078360.148651,5.5933937060000005,0.6157828628794041,0.903,0.3,0.5,5.005358687100468,0.6151262959421421,-40.35,"[690.0, 574.7999877929688]"
std,1790078360.1987102,5.643453135000001,0.6329038323191762,0.903,0.3,0.5,5.162679820290425,0.6089903727905995,-61.87,"[690.0, 574.7999877929688]"
std,1790078360.2487411,5.693484194000001,0.6566654589456626,0.903,0.3,0.5,5.31982325871671,0.6089903727905995,-10.76,"[675.2000122070312, 556.7999877929688]"
std,1790078360.2987742,5.743517000000001,0.6865182599685016,0.903,0.3,0.5,5.477066282488519,0.6120583343663708,0.0,"[675.2000122070312, 556.7999877929688]"
std,1790078360.3486843,5.7934274530000005,0.7216089177365907,0.903,0.3,0.5,5.633875336075938,0.6212622190936846,2.69,"[667.4000244140625, 552.2000122070312]"
std,1790078360.3985112,5.843254116000001,0.7611143259196357,0.903,0.3,0.5,5.790546847595394,0.6442719309119693,2.69,"[667.4000244140625, 552.2000122070312]"
std,1790078360.4485185,5.893261552,0.8042344227885719,0.903,0.3,0.5,5.947709393188198,0.6657476619423682,2.69,"[654.0, 557.0]"
std,1790078360.4987223,5.943465422,0.8498915060629951,0.903,0.3,0.5,6.105219056494889,0.6933593161243098,13.45,"[654.0, 557.0]"
std,1790078360.5486863,5.993429177,0.8966828893477294,0.903,0.3,0.5,6.262126715250929,0.7286408742456796,16.14,"[628.4000244140625, 574.4000244140625]"
std,1790078360.5985897,6.043332401000001,0.9436295661278176,0.903,0.3,0.5,0.13584935271231302,0.7669903939428205,21.52,"[628.4000244140625, 574.4000244140625]"
std,1790078360.6486485,6.093391426,0.9896610703552401,0.903,0.3,0.5,0.2930465532136779,0.8084078752157329,8.07,"[591.5999755859375, 602.7999877929688]"
std,1790078360.698673,6.143416002,1.0335547982559103,0.903,0.3,0.5,0.4502411461931395,0.8544272988523022,10.76,"[591.5999755859375, 602.7999877929688]"
std,1790078360.7487783,6.193521364,1.0742768676766141,0.903,0.3,0.5,0.6076295188906613,0.9019807032767571,2.69,"[564.5999755859375, 618.5999755859375]"
std,1790078360.798622,6.243364846,1.1106069880252112,0.903,0.3,0.5,0.7642881310306784,0.9587379924285258,2.69,"[564.5999755859375, 618.5999755859375]"
std,1790078360.8485074,6.293250560000001,1.1418802969061181,0.903,0.3,0.5,0.9211001911222709,1.000155473701438,18.83,"[525.7999877929688, 614.5999755859375]"
std,1790078360.8986561,6.343399003,1.1673697380793517,0.903,0.3,0.5,1.078463267715744,1.0415729549743504,29.59,"[525.7999877929688, 614.5999755859375]"
std,1790078360.948749,6.393492095,1.1863213823932055,0.903,0.3,0.5,1.235778984799964,1.0783884938836057,48.42,"[506.79998779296875, 628.4000244140625]"
std,1790078360.998672,6.4434148140000005,1.198254865273667,0.903,0.3,0.5,1.3927009063866507,1.1075341288534328,72.63,"[506.79998779296875, 628.4000244140625]"
std,1790078361.0486984,6.493441496,1.2029342438937987,0.903,0.3,0.5,1.5498585605196915,1.1366797638232602,80.7,"[480.3999938964844, 643.5999755859375]"
std,1790078361.0988102,6.543553131,1.2002183278777392,0.903,0.3,0.5,1.7070798915942298,1.1596894756415448,88.77,"[480.3999938964844, 643.5999755859375]"
std,1790078361.1487024,6.593445299000001,1.1902026055104675,0.903,0.3,0.5,1.863933712876964,1.1765632643082868,102.22,"[457.3999938964844, 659.4000244140625]"
std,1790078361.1987534,6.643496422,1.1730823952073255,0.903,0.3,0.5,2.021192636249193,1.188835110611372,102.22,"[457.3999938964844, 659.4000244140625]"
std,1790078361.248591,6.693333816,1.1493977768699788,0.903,0.3,0.5,2.1778612009547373,1.1903690913992575,59.18,"[446.3999938964844, 666.5999755859375]"
std,1790078361.2985878,6.743330637000001,1.1195877165536263,0.903,0.3,0.5,2.334963233189846,1.188835110611372,0.0,"[446.3999938964844, 666.5999755859375]"
std,1790078361.348545,6.793288072,1.0844835207597439,0.903,0.3,0.5,2.491895773359701,1.1765632643082868,-2.69,"[443.79998779296875, 666.7999877929688]"
std,1790078361.3986614,6.8434044190000005,1.0448025093795295,0.903,0.3,0.5,2.6492687962355177,1.158155494853659,-2.69,"[443.79998779296875, 666.7999877929688]"
std,1790078361.448565,6.893308034,1.0017571547928334,0.903,0.3,0.5,2.8061464716312727,1.1351457830353744,-2.69,"[444.3999938964844, 669.5999755859375]"
std,1790078361.4985855,6.943328307000001,0.9562154863382903,0.903,0.3,0.5,2.9632640264756844,1.102932186489776,-5.38,"[444.3999938964844, 669.5999755859375]"
std,1790078361.5488205,6.993563626,0.9092369544454051,0.903,0.3,0.5,3.1208013075233936,1.0722525707320631,-16.14,"[463.20001220703125, 660.7999877929688]"
std,1790078361.598789,7.043532008000001,0.8622497937836238,0.903,0.3,0.5,3.277847890648168,1.021631204731837,-16.14,"[463.20001220703125, 660.7999877929688]"
std,1790078361.6485343,7.093277218000001,0.8164075690503112,0.903,0.3,0.5,3.434400228991901,0.9817477042468103,-69.94,"[486.0, 644.5999755859375]"
std,1790078361.6986125,7.143355229000001,0.7725023682564394,0.903,0.3,0.5,3.5916221632522287,0.9372622613981267,-48.42,"[486.0, 644.5999755859375]"
std,1790078361.7485206,7.193263600000001,0.7318995139620776,0.903,0.3,0.5,3.7485062286474395,0.8927768185494431,-40.35,"[555.7999877929688, 629.4000244140625]"
std,1790078361.7986207,7.2433636020000005,0.6954032480922843,0.903,0.3,0.5,3.905833519358996,0.8498253564886452,-26.9,"[555.7999877929688, 629.4000244140625]"
std,1790078361.8486097,7.2933525150000005,0.664094818434945,0.903,0.3,0.5,4.062829975231388,0.8022719520641903,-24.21,"[602.7999877929688, 615.5999755859375]"
std,1790078361.898708,7.343450954000001,0.6386204202725445,0.903,0.3,0.5,4.2201253285120295,0.760854470791278,-21.52,"[602.7999877929688, 615.5999755859375]"
std,1790078361.9486964,7.393439245000001,0.6196934395545529,0.903,0.3,0.5,4.377221401145874,0.722504951094137,-29.59,"[642.4000244140625, 598.5999755859375]"
std,1790078361.998749,7.443492021000001,0.607741025597059,0.903,0.3,0.5,4.534370893421201,0.679553489033339,-29.59,"[642.4000244140625, 598.5999755859375]"
std,1790078362.0485342,7.493277024,0.6030685882894165,0.903,0.3,0.5,4.691005045120818,0.6519418348513975,-37.66,"[665.0, 594.5999755859375]"
std,1790078362.0986009,7.543343872,0.6057637462106148,0.903,0.3,0.5,4.848232031062132,0.6289321230331129,-43.04,"[665.0, 594.5999755859375]"
std,1790078362.1486323,7.593375216,0.6157824682149413,0.903,0.3,0.5,5.005354131791112,0.6151262959421421,-37.66,"[673.2000122070312, 572.4000244140625]"
std,1790078362.1986854,7.643428244000001,0.6329026768184307,0.903,0.3,0.5,5.16267097042391,0.6089903727905995,-48.42,"[673.2000122070312, 572.4000244140625]"
std,1790078362.2487047,7.69344755,0.6566373715003991,0.903,0.3,0.5,5.31965920474833,0.6089903727905995,-10.76,"[674.2000122070312, 558.2000122070312]"
std,1790078362.2987702,7.743513225,0.6864900936888814,0.903,0.3,0.5,5.476930656792064,0.6105243535784852,0.0,"[674.2000122070312, 558.2000122070312]"
std,1790078362.3487747,7.793517738,0.7216422829354247,0.903,0.3,0.5,5.63401496101983,0.6227961998815703,0.0,"[666.5999755859375, 553.5999755859375]"
std,1790078362.398681,7.843423888,0.7612184739844226,0.903,0.3,0.5,5.790940819022111,0.6427379501240836,0.0,"[666.5999755859375, 553.5999755859375]"
std,1790078362.4485545,7.8932976560000006,0.8042279378349276,0.903,0.3,0.5,5.947686500402526,0.6657476619423682,5.38,"[664.7999877929688, 561.0]"
std,1790078362.498571,7.943313858000001,0.8497780255913452,0.903,0.3,0.5,6.104834704624864,0.6948932969121955,16.14,"[664.7999877929688, 561.0]"
std,1790078362.5486794,7.993422304,0.8966816888972933,0.903,0.3,0.5,6.262122712861881,0.7286408742456796,24.21,"[643.4000244140625, 569.0]"
std,1790078362.59873,8.043472933,0.9437055364468455,0.903,0.3,0.5,0.13610494640741777,0.765456413154935,26.9,"[643.4000244140625, 569.0]"
std,1790078362.6486979,8.093440878000001,0.9896771076706248,0.903,0.3,0.5,0.2931023918814972,0.8084078752157329,18.83,"[609.5999755859375, 600.0]"
std,1790078362.6986806,8.143423525000001,1.0335501846568178,0.903,0.3,0.5,0.4502240653538756,0.8544272988523022,10.76,"[609.5999755859375, 600.0]"
std,1790078362.7486813,8.193424203000001,1.0741926304085097,0.903,0.3,0.5,0.6072875502471256,0.9019807032767571,2.69,"[563.4000244140625, 608.0]"
std,1790078362.798762,8.243505057,1.110660858620949,0.903,0.3,0.5,0.7645369137529094,0.9556700308527545,2.69,"[563.4000244140625, 608.0]"
std,1790078362.8487842,8.293527263,1.1419877174187072,0.903,0.3,0.5,0.9216923247887969,0.9986214929135524,18.83,"[522.4000244140625, 609.4000244140625]"
std,1790078362.9009497,8.345692569,1.1683620073802599,0.903,0.3,0.5,1.0855069980468315,1.0415729549743504,37.66,"[522.4000244140625, 609.4000244140625]"
std,1790078362.9515917,8.396334831,1.1871735768908378,0.903,0.3,0.5,1.2445288732605135,1.0783884938836057,45.73,"[498.0, 628.5999755859375]"
std,1790078362.9987552,8.443498025,1.1982625781187295,0.903,0.3,0.5,1.3928460888079464,1.1075341288534328,69.94,"[498.0, 628.5999755859375]"
std,1790078363.0486236,8.493366347,1.202932762037968,0.903,0.3,0.5,1.5496239432387249,1.1366797638232602,83.39,"[474.79998779296875, 652.2000122070312]"
std,1790078363.0987234,8.543466502000001,1.2002242881013367,0.903,0.3,0.5,1.7069335813411612,1.158155494853659,96.84,"[474.79998779296875, 652.2000122070312]"
std,1790078363.1486816,8.593424477000001,1.1901993745921386,0.903,0.3,0.5,1.863970981590608,1.175029283520401,102.22,"[455.79998779296875, 668.7999877929688]"
std,1790078363.198571,8.643313762,1.173143777942355,0.903,0.3,0.5,2.020722390094427,1.1873011298234863,102.22,"[455.79998779296875, 668.7999877929688]"
std,1790078363.2485259,8.693268766000001,1.1494137212804092,0.903,0.3,0.5,2.177768027599811,1.1903690913992575,56.49,"[442.3999938964844, 677.4000244140625]"
std,1790078363.2985508,8.743293866,1.1196162121209188,0.903,0.3,0.5,2.3348259487324725,1.188835110611372,0.0,"[442.3999938964844, 677.4000244140625]"
std,1790078363.3485577,8.793300567000001,1.0844600603749441,0.903,0.3,0.5,2.4919939795460486,1.1765632643082868,-2.69,"[444.0, 666.0]"
std,1790078363.3986368,8.843379917,1.0448469656778325,0.903,0.3,0.5,2.6491006299223585,1.158155494853659,-2.69,"[444.0, 666.0]"
std,1790078363.4486375,8.893380611000001,1.0017201463772865,0.903,0.3,0.5,2.8062771116201723,1.1351457830353744,-2.69,"[448.6000061035156, 660.0]"
std,1790078363.4986165,8.943359393,0.9562063223009148,0.903,0.3,0.5,2.9632950654110957,1.102932186489776,-5.38,"[448.6000061035156, 660.0]"
std,1790078363.5486739,8.99341675,0.909303060474881,0.903,0.3,0.5,3.1205809059491827,1.0722525707320631,-18.83,"[457.79998779296875, 657.0]"
std,1790078363.5985882,9.043331271000001,0.8623878790896362,0.903,0.3,0.5,3.2773833150681426,1.021631204731837,-18.83,"[457.79998779296875, 657.0]"
std,1790078363.648508,9.093251062,0.8164159953566814,0.903,0.3,0.5,3.4343708927996985,0.9817477042468103,-69.94,"[483.79998779296875, 642.5999755859375]"
std,1790078363.6985688,9.14331164,0.7725086982928282,0.903,0.3,0.5,3.591598730112622,0.9387962421860124,-48.42,"[483.79998779296875, 642.5999755859375]"
std,1790078363.7487502,9.193493015000001,0.7317609240966608,0.903,0.3,0.5,3.7490687433784338,0.8943107993373288,-37.66,"[546.0, 627.2000122070312]"
std,1790078363.7987874,9.243530454,0.6952954040206156,0.903,0.3,0.5,3.9063315968830743,0.8498253564886452,-24.21,"[546.0, 627.2000122070312]"
std,1790078363.8487124,9.293455386,0.6640448853757251,0.903,0.3,0.5,4.063105213305363,0.803805932852076,-29.59,"[593.5999755859375, 621.7999877929688]"
std,1790078363.8987944,9.343537277000001,0.6385778725824195,0.903,0.3,0.5,4.22042549512371,0.760854470791278,-18.83,"[593.5999755859375, 621.7999877929688]"
std,1790078363.9487805,9.393523608,0.6196599268140701,0.903,0.3,0.5,4.377561183240918,0.722504951094137,-32.28,"[635.5999755859375, 606.7999877929688]"
std,1790078363.9986708,9.443413675,0.607750016193138,0.903,0.3,0.5,4.534201734364771,0.679553489033339,-32.28,"[635.5999755859375, 606.7999877929688]"
std,1790078364.0485184,9.493261337,0.6030685002720594,0.903,0.3,0.5,4.691018770739124,0.6519418348513975,-29.59,"[670.2000122070312, 601.2000122070312]"
std,1790078364.0985146,9.543257502000001,0.6057581647029713,0.903,0.3,0.5,4.848094580100355,0.6304661038209985,-48.42,"[670.2000122070312, 601.2000122070312]"
std,1790078364.1487465,9.593489491000001,0.6158091952783495,0.903,0.3,0.5,5.0056624665436935,0.6151262959421421,-37.66,"[681.4000244140625, 576.2000122070312]"
std,1790078364.1987839,9.643526694,0.6329397983641147,0.903,0.3,0.5,5.162955199736061,0.6105243535784852,-56.49,"[681.4000244140625, 576.2000122070312]"
std,1790078364.2488348,9.693577909,0.6567289635769945,0.903,0.3,0.5,5.320194035764864,0.6089903727905995,-13.45,"[688.2000122070312, 557.0]"
std,1790078364.2988455,9.743588427,0.6865373851134762,0.903,0.3,0.5,5.477158362569188,0.6120583343663708,0.0,"[688.2000122070312, 557.0]"
std,1790078364.3488324,9.793575397000001,0.7217062237585485,0.903,0.3,0.5,5.634282495908614,0.6212622190936846,0.0,"[670.2000122070312, 555.2000122070312]"
std,1790078364.3985686,9.843311522,0.7611414045407796,0.903,0.3,0.5,5.790649288648634,0.6427379501240836,0.0,"[670.2000122070312, 555.2000122070312]"
std,1790078364.4485283,9.893271292000001,0.8042228421055587,0.903,0.3,0.5,5.947668511642988,0.6657476619423682,2.69,"[655.5999755859375, 558.7999877929688]"
std,1790078364.4985223,9.943265121000001,0.8497527877522424,0.903,0.3,0.5,6.104749221888756,0.6948932969121955,13.45,"[655.5999755859375, 558.7999877929688]"
std,1790078364.5486546,9.993397477,0.8966714577469179,0.903,0.3,0.5,6.262088601448845,0.7286408742456796,24.21,"[632.0, 569.2000122070312]"
std,1790078364.5987012,10.043444050000002,0.943700331652486,0.903,0.3,0.5,0.13608743516996213,0.765456413154935,29.59,"[632.0, 569.2000122070312]"
std,1790078364.6487684,10.093511232,0.9897327832263728,0.903,0.3,0.5,0.2932962501393668,0.8084078752157329,16.14,"[594.4000244140625, 602.4000244140625]"
std,1790078364.6986613,10.143404253,1.0335409624358114,0.903,0.3,0.5,0.4501899225249133,0.8544272988523022,5.38,"[594.4000244140625, 602.4000244140625]"
std,1790078364.7485485,10.193291426,1.0741177370620583,0.903,0.3,0.5,0.6069835823083309,0.9019807032767571,2.69,"[544.0, 611.0]"
std,1790078364.7986312,10.243374186,1.1105820966814137,0.903,0.3,0.5,0.7641731990050289,0.9572040116406401,2.69,"[544.0, 611.0]"
std,1790078364.8485262,10.293269236,1.1418831818184214,0.903,0.3,0.5,0.9211160875810833,1.000155473701438,13.45,"[521.2000122070312, 618.0]"
std,1790078364.898529,10.343272082,1.1673329291982806,0.903,0.3,0.5,1.0782037564545774,1.0400389741864646,32.28,"[521.2000122070312, 618.0]"
std,1790078364.9485447,10.393287465,1.186277709344583,0.903,0.3,0.5,1.2353364946162841,1.0768545130957201,37.66,"[504.6000061035156, 634.2000122070312]"
std,1790078364.9987066,10.443449384000001,1.1982595303084795,0.903,0.3,0.5,1.3927887044765228,1.1075341288534328,69.94,"[504.6000061035156, 634.2000122070312]"
std,1790078365.0488098,10.493552822,1.202935930594692,0.903,0.3,0.5,1.5501288505852173,1.1366797638232602,78.01,"[482.6000061035156, 645.7999877929688]"
std,1790078365.098702,10.543444815,1.2002250296764265,0.903,0.3,0.5,1.7069153663869443,1.158155494853659,94.14999999999999,"[482.6000061035156, 645.7999877929688]"
std,1790078365.148811,10.593553953,1.1901652580053068,0.903,0.3,0.5,1.8643642367341968,1.1765632643082868,99.53,"[465.79998779296875, 659.5999755859375]"
std,1790078365.1985216,10.643264682,1.173150319739084,0.903,0.3,0.5,2.0206722471340726,1.188835110611372,99.53,"[465.79998779296875, 659.5999755859375]"
std,1790078365.2484694,10.693212372000001,1.1494367287908176,0.903,0.3,0.5,2.177633558009447,1.1903690913992575,53.8,"[446.6000061035156, 672.2000122070312]"
std,1790078365.2985787,10.743321842,1.11960349952934,0.903,0.3,0.5,2.3348871972228338,1.1873011298234863,0.0,"[446.6000061035156, 672.2000122070312]"
std,1790078365.348577,10.793320151000001,1.0844596761083953,0.903,0.3,0.5,2.491995588041476,1.1765632643082868,-2.69,"[444.0, 665.4000244140625]"
std,1790078365.3985636,10.843306700000001,1.0448551249897922,0.903,0.3,0.5,2.649069763774527,1.1596894756415448,-2.69,"[444.0, 665.4000244140625]"
std,1790078365.4487753,10.893518305,1.0015926473940144,0.903,0.3,0.5,2.8067271384846038,1.1366797638232602,-2.69,"[454.79998779296875, 668.5999755859375]"
std,1790078365.4987564,10.943499373,0.9561099085143154,0.903,0.3,0.5,2.9636216119762793,1.1044661672776617,-2.69,"[454.79998779296875, 668.5999755859375]"
std,1790078365.5486314,10.993374263000002,0.909331935359997,0.903,0.3,0.5,3.120484634983896,1.0737865515199487,-26.9,"[452.3999938964844, 667.7999877929688]"
std,1790078365.5985239,11.043266784,0.8624019431257637,0.903,0.3,0.5,3.2773359995411724,1.0246991663076084,-26.9,"[452.3999938964844, 667.7999877929688]"
std,1790078365.6485155,11.093258469,0.8164146174366376,0.903,0.3,0.5,3.434375690011663,0.9848156658225816,-64.56,"[474.20001220703125, 641.0]"
std,1790078365.6987603,11.143503231,0.772396734526498,0.903,0.3,0.5,3.592013247555279,0.940330222973898,-43.04,"[474.20001220703125, 641.0]"
std,1790078365.7487347,11.193477742,0.7317827205421025,0.903,0.3,0.5,3.7489802604213196,0.8943107993373288,-45.73,"[542.4000244140625, 647.5999755859375]"
std,1790078365.7987916,11.243534595,0.6953124666214562,0.903,0.3,0.5,3.906252777464964,0.8482913757007595,-21.52,"[542.4000244140625, 647.5999755859375]"
std,1790078365.8487077,11.293450512000001,0.6640496692422987,0.903,0.3,0.5,4.063078839635011,0.8022719520641903,-29.59,"[605.0, 638.5999755859375]"
std,1790078365.898689,11.343431949000001,0.6386167334904955,0.903,0.3,0.5,4.220151331474398,0.760854470791278,-18.83,"[605.0, 638.5999755859375]"
std,1790078365.9486842,11.393427079,0.6196915711943669,0.903,0.3,0.5,4.377240335524775,0.722504951094137,-32.28,"[652.5999755859375, 604.2000122070312]"
std,1790078365.9984946,11.443237518,0.6077660555675768,0.903,0.3,0.5,4.533900345673523,0.679553489033339,-32.28,"[652.5999755859375, 604.2000122070312]"
std,1790078366.0485156,11.493258251,0.6030685650355778,0.903,0.3,0.5,4.69100867051872,0.6504078540635119,-29.59,"[681.5999755859375, 592.2000122070312]"
std,1790078366.0985374,11.543280169,0.6057604576310293,0.903,0.3,0.5,4.848151062794649,0.6304661038209985,-48.42,"[681.5999755859375, 592.2000122070312]"
std,1790078366.1485345,11.593277694000001,0.6157712361143433,0.903,0.3,0.5,5.005224459412723,0.6151262959421421,-37.66,"[679.2000122070312, 575.2000122070312]"
std,1790078366.1987474,11.643490380000001,0.6329314028409363,0.903,0.3,0.5,5.162890932175124,0.6089903727905995,-48.42,"[679.2000122070312, 575.2000122070312]"
std,1790078366.2486677,11.693410602,0.656632858334006,0.903,0.3,0.5,5.319632840502763,0.6089903727905995,-10.76,"[671.0, 551.7999877929688]"
std,1790078366.2986572,11.743399976000001,0.6864395888706974,0.903,0.3,0.5,5.476687418980838,0.6120583343663708,2.69,"[671.0, 551.7999877929688]"
std,1790078366.3487082,11.7934511,0.7216198546519756,0.903,0.3,0.5,5.6339211059392795,0.6212622190936846,2.69,"[670.4000244140625, 556.2000122070312]"
std,1790078366.3986971,11.843440098,0.7612070793687593,0.903,0.3,0.5,5.790897719512472,0.6427379501240836,2.69,"[670.4000244140625, 556.2000122070312]"
std,1790078366.4485393,11.893282087000001,0.8042235691750073,0.903,0.3,0.5,5.947671078324163,0.6657476619423682,2.69,"[651.4000244140625, 580.0]"
std,1790078366.4985058,11.943248717000001,0.8497278591595175,0.903,0.3,0.5,6.104664785302987,0.6933593161243098,16.14,"[651.4000244140625, 580.0]"
std,1790078366.5485318,11.993274858000001,0.8965948214077338,0.903,0.3,0.5,6.261833089435122,0.7271068934577939,34.97,"[631.2000122070312, 574.4000244140625]"
std,1790078366.5985637,12.043306546,0.943619638002798,0.903,0.3,0.5,0.1358159512991861,0.7669903939428205,32.28,"[631.2000122070312, 574.4000244140625]"
std,1790078366.648543,12.093285883,0.9896055033980719,0.903,0.3,0.5,0.29285308765484785,0.8084078752157329,13.45,"[598.2000122070312, 599.7999877929688]"
std,1790078366.698674,12.143417009,1.0335600804703662,0.903,0.3,0.5,0.4502607026073733,0.8544272988523022,8.07,"[598.2000122070312, 599.7999877929688]"
std,1790078366.748796,12.193539073,1.0742788779454786,0.903,0.3,0.5,0.6076376807483399,0.9019807032767571,2.69,"[566.5999755859375, 603.7999877929688]"
std,1790078366.7987065,12.243449578,1.1106095692633633,0.903,0.3,0.5,0.7643000502331745,0.9572040116406401,2.69,"[566.5999755859375, 603.7999877929688]"
std,1790078366.8486435,12.293386454,1.1419214354059404,0.903,0.3,0.5,0.9213269041560821,1.000155473701438,21.52,"[524.4000244140625, 611.7999877929688]"
std,1790078366.8985553,12.343298065,1.1673399358652539,0.903,0.3,0.5,1.0782531454326687,1.0415729549743504,37.66,"[524.4000244140625, 611.7999877929688]"
std,1790078366.9486935,12.393436609,1.1863090215012981,0.903,0.3,0.5,1.235653688660129,1.0783884938836057,48.42,"[500.0, 621.4000244140625]"
std,1790078366.9987063,12.443449156000002,1.1982625352432188,0.903,0.3,0.5,1.3928452814186087,1.1075341288534328,78.01,"[500.0, 621.4000244140625]"
std,1790078367.0488117,12.493554488000001,1.2029363400902926,0.903,0.3,0.5,1.5501950062433068,1.1366797638232602,88.77,"[479.3999938964844, 643.4000244140625]"
std,1790078367.0987358,12.543478573000002,1.2002229007407323,0.903,0.3,0.5,1.706967651913466,1.1596894756415448,94.14999999999999,"[479.3999938964844, 643.4000244140625]"
std,1790078367.148767,12.593509918,1.1901849849057515,0.903,0.3,0.5,1.8641369110897728,1.1765632643082868,102.22,"[450.0, 659.0]"
std,1790078367.1985314,12.643274403000001,1.1731416981636706,0.903,0.3,0.5,2.0207383305355364,1.1857671490356005,102.22,"[450.0, 659.0]"
std,1790078367.2485347,12.693277464000001,1.149414385718816,0.903,0.3,0.5,2.177764144591279,1.188835110611372,69.94,"[441.3999938964844, 671.4000244140625]"
std,1790078367.2986584,12.743401421000002,1.1195645800988963,0.903,0.3,0.5,2.335074684330806,1.1873011298234863,0.0,"[441.3999938964844, 671.4000244140625]"
std,1790078367.3485575,12.793300444000002,1.084459447949909,0.903,0.3,0.5,2.491996543085641,1.1765632643082868,-2.69,"[444.0, 668.7999877929688]"
std,1790078367.398552,12.843294936000001,1.0448563756571159,0.903,0.3,0.5,2.6490650325359866,1.1596894756415448,-2.69,"[444.0, 668.7999877929688]"
std,1790078367.4485111,12.89325413,1.0017858746679056,0.903,0.3,0.5,2.8060450861531336,1.1366797638232602,-2.69,"[448.0, 657.7999877929688]"
std,1790078367.4985375,12.943280395,0.9562441820580847,0.903,0.3,0.5,2.963166831882141,1.1044661672776617,-5.38,"[448.0, 657.7999877929688]"
std,1790078367.548591,12.993333775,0.909373987769241,0.903,0.3,0.5,3.1203444288453497,1.0722525707320631,-26.9,"[465.3999938964844, 653.2000122070312]"
std,1790078367.5986378,13.043380802000001,0.8623527338708781,0.903,0.3,0.5,3.277501555190824,1.0246991663076084,-26.9,"[465.3999938964844, 653.2000122070312]"
std,1790078367.6485255,13.093268333000001,0.8164116540580324,0.903,0.3,0.5,3.434386007001933,0.9848156658225816,-67.25,"[511.20001220703125, 644.0]"
std,1790078367.6985214,13.143264371,0.772550793711502,0.903,0.3,0.5,3.5914429039753912,0.940330222973898,-45.73,"[511.20001220703125, 644.0]"
std,1790078367.7485697,13.193312561,0.7318654106336625,0.903,0.3,0.5,3.7486446283701795,0.8943107993373288,-43.04,"[548.2000122070312, 623.0]"
std,1790078367.7986958,13.243438767,0.6953608622202906,0.903,0.3,0.5,3.906029250006071,0.8482913757007595,-26.9,"[548.2000122070312, 623.0]"
std,1790078367.848708,13.2934508,0.6640427787036421,0.903,0.3,0.5,4.063116827773385,0.8022719520641903,-24.21,"[600.2000122070312, 606.0]"
std,1790078367.8987074,13.343450125,0.6386120398613824,0.903,0.3,0.5,4.220184437577792,0.7593204900033924,-26.9,"[600.2000122070312, 606.0]"
std,1790078367.9486725,13.393415523000002,0.6196951167322511,0.903,0.3,0.5,4.3772044051296035,0.7209709703062513,-37.66,"[638.0, 598.0]"
std,1790078367.9986339,13.44337666,0.6077478514666993,0.903,0.3,0.5,4.534242449405546,0.679553489033339,-37.66,"[638.0, 598.0]"
std,1790078368.048546,13.49328912,0.6030681627293344,0.903,0.3,0.5,4.691071489805431,0.6519418348513975,-37.66,"[674.0, 598.7999877929688]"
std,1790078368.0986283,13.543371254,0.6057674290816992,0.903,0.3,0.5,4.848322650302215,0.6289321230331129,-48.42,"[674.0, 598.7999877929688]"
std,1790078368.1485543,13.593297264,0.6157751007877665,0.903,0.3,0.5,5.005269082594786,0.6151262959421421,-40.35,"[671.4000244140625, 572.4000244140625]"
std,1790078368.1987092,13.643452349,0.6328954030229821,0.903,0.3,0.5,5.162615257419787,0.6089903727905995,-64.56,"[671.4000244140625, 572.4000244140625]"
std,1790078368.2486818,13.693424843,0.6566482431692392,0.903,0.3,0.5,5.319722708902226,0.6105243535784852,-10.76,"[668.7999877929688, 554.0]"
std,1790078368.298694,13.743436946000001,0.6864671459208067,0.903,0.3,0.5,5.476820144987286,0.6120583343663708,0.0,"[668.7999877929688, 554.0]"
std,1790078368.3486967,13.793439723,0.7216189035028568,0.903,0.3,0.5,5.633917125541409,0.6212622190936846,2.69,"[671.0, 552.4000244140625]"
std,1790078368.3986034,13.843346368,0.7611565380926152,0.903,0.3,0.5,5.790706537891559,0.6427379501240836,2.69,"[671.0, 552.4000244140625]"
std,1790078368.4485354,13.893278351000001,0.8042280197085885,0.903,0.3,0.5,5.947686789429042,0.6657476619423682,2.69,"[667.7999877929688, 572.0]"
std,1790078368.498564,13.943306877000001,0.8497731384542397,0.903,0.3,0.5,6.104818151573163,0.6948932969121955,16.14,"[667.7999877929688, 572.0]"
std,1790078368.5485346,13.993277520000001,0.8965959398739136,0.903,0.3,0.5,6.261836818505614,0.7286408742456796,29.59,"[626.4000244140625, 568.4000244140625]"
std,1790078368.5987027,14.043445530000001,0.9436955806559957,0.903,0.3,0.5,0.1360714507465346,0.765456413154935,32.28,"[626.4000244140625, 568.4000244140625]"
std,1790078368.6486924,14.093435267,0.9896885963723021,0.903,0.3,0.5,0.2931423937807409,0.8084078752157329,13.45,"[594.0, 598.7999877929688]"
std,1790078368.6988156,14.143558476,1.033656577100503,0.903,0.3,0.5,0.4506179959398793,0.8544272988523022,8.07,"[594.0, 598.7999877929688]"
std,1790078368.7486212,14.193364002000001,1.0741795060969535,0.903,0.3,0.5,0.6072342782604849,0.9142525495798421,8.07,"[564.0, 603.0]"
std,1790078368.7986097,14.243352716,1.1105821327440009,0.903,0.3,0.5,0.7641733655094285,0.9572040116406401,5.38,"[564.0, 603.0]"
std,1790078368.8485274,14.293270432000002,1.1418833277728533,0.903,0.3,0.5,0.9211168918287953,1.000155473701438,10.76,"[505.79998779296875, 622.4000244140625]"
std,1790078368.898573,14.343315899,1.1673469775375742,0.903,0.3,0.5,1.0783027857382024,1.0400389741864646,40.35,"[505.79998779296875, 622.4000244140625]"
std,1790078368.9485626,14.393305408000002,1.1862817552974827,0.903,0.3,0.5,1.2353774641260742,1.0768545130957201,48.42,"[489.20001220703125, 627.5999755859375]"
std,1790078368.9987683,14.443511086,1.198270800316216,0.903,0.3,0.5,1.3930009881753094,1.1075341288534328,69.94,"[489.20001220703125, 627.5999755859375]"
std,1790078369.0487103,14.493453129,1.2029343403081478,0.903,0.3,0.5,1.5498739166245628,1.1366797638232602,83.39,"[480.3999938964844, 648.0]"
std,1790078369.0987606,14.543503609,1.2002166236966012,0.903,0.3,0.5,1.7071216967676506,1.158155494853659,99.53,"[480.3999938964844, 648.0]"
std,1790078369.148539,14.593282031000001,1.1902274876054126,0.903,0.3,0.5,1.863646543034072,1.1780972450961724,99.53,"[461.6000061035156, 662.5999755859375]"
std,1790078369.1986837,14.643426781,1.1731053143032155,0.903,0.3,0.5,2.0210171091844344,1.1873011298234863,107.6,"[461.6000061035156, 662.5999755859375]"
std,1790078369.2485104,14.693253336000001,1.1494162569853275,0.903,0.3,0.5,2.1777532087072515,1.188835110611372,69.94,"[450.6000061035156, 668.5999755859375]"
std,1790078369.2986684,14.743411261,1.1195614292477396,0.903,0.3,0.5,2.3350898613649136,1.1873011298234863,0.0,"[450.6000061035156, 668.5999755859375]"
std,1790078369.3485675,14.793310295000001,1.084457912378945,0.903,0.3,0.5,2.492002970784206,1.1765632643082868,-2.69,"[440.79998779296875, 664.2000122070312]"
std,1790078369.3987272,14.843470195,1.0447546916894395,0.903,0.3,0.5,2.6494496608661535,1.158155494853659,-2.69,"[440.79998779296875, 664.2000122070312]"
std,1790078369.448725,14.893467989000001,1.0016488543291482,0.903,0.3,0.5,2.8065287563333,1.1351457830353744,-2.69,"[446.0, 659.0]"
std,1790078369.49875,14.943493007,0.9561154684870062,0.903,0.3,0.5,2.9636027812699055,1.102932186489776,-2.69,"[446.0, 659.0]"
std,1790078369.548546,14.993288973,0.9094030311748187,0.903,0.3,0.5,3.120247595534991,1.0630486860047492,-2.69,"[452.6000061035156, 664.2000122070312]"
std,1790078369.598704,15.043446868,0.8622909031224456,0.903,0.3,0.5,3.2777095788899757,1.0231651855197226,-21.52,"[452.6000061035156, 664.2000122070312]"
std,1790078369.6485252,15.093268186000001,0.8164140769171382,0.903,0.3,0.5,3.4343775718256566,0.9817477042468103,-61.87,"[470.6000061035156, 639.7999877929688]"
std,1790078369.6986368,15.143379691000002,0.7724860160648385,0.903,0.3,0.5,3.5916826986010406,0.9387962421860124,-45.73,"[470.6000061035156, 639.7999877929688]"
std,1790078369.7487392,15.193482013,0.7317647949669923,0.903,0.3,0.5,3.74905302913195,0.8958447801252144,-53.8,"[533.2000122070312, 625.7999877929688]"
std,1790078369.7987418,15.243484842,0.6953455801403161,0.903,0.3,0.5,3.9060998290266156,0.8513593372765309,-21.52,"[533.2000122070312, 625.7999877929688]"
std,1790078369.8487742,15.293517136,0.6640221410623601,0.903,0.3,0.5,4.063230616259283,0.8053399136399616,-29.59,"[597.0, 617.0]"
std,1790078369.8987246,15.34346737,0.6386009799346637,0.903,0.3,0.5,4.220262455889731,0.7639224323670493,-16.14,"[597.0, 617.0]"
std,1790078369.9485874,15.393330388,0.6197174874383469,0.903,0.3,0.5,4.376977786343517,0.7133010663668231,-16.14,"[639.2000122070312, 623.2000122070312]"
std,1790078369.998777,15.443519805000001,0.6077330119040654,0.903,0.3,0.5,4.53452180610747,0.679553489033339,-29.59,"[639.2000122070312, 623.2000122070312]"
std,1790078370.0485716,15.493314314000001,0.6030682061099821,0.903,0.3,0.5,4.691064707106875,0.6519418348513975,-37.66,"[673.2000122070312, 595.4000244140625]"
std,1790078370.0986187,15.543361690000001,0.605766047830733,0.903,0.3,0.5,4.848288670836055,0.6289321230331129,-51.11,"[673.2000122070312, 595.4000244140625]"
std,1790078370.1486475,15.593390418,0.6157883901688738,0.903,0.3,0.5,5.005422477139263,0.6151262959421421,-37.66,"[677.0, 576.0]"
std,1790078370.1987092,15.643452356000001,0.632906103183831,0.903,0.3,0.5,5.162697212147322,0.6089903727905995,-56.49,"[677.0, 576.0]"
std,1790078370.2487674,15.69351022,0.65666660797196,0.903,0.3,0.5,5.319829969158583,0.6089903727905995,-13.45,"[673.4000244140625, 554.2000122070312]"
std,1790078370.2987163,15.743459188000001,0.6864709783018148,0.903,0.3,0.5,5.476838601844101,0.6120583343663708,0.0,"[673.4000244140625, 554.2000122070312]"
std,1790078370.3487482,15.793491073,0.7216399488179865,0.903,0.3,0.5,5.6340051938082425,0.6227961998815703,0.0,"[664.2000122070312, 549.7999877929688]"
std,1790078370.3986835,15.843426405,0.7612049149282005,0.903,0.3,0.5,5.790889532522016,0.6427379501240836,0.0,"[664.2000122070312, 549.7999877929688]"
std,1790078370.4485526,15.893295566,0.8042381391789056,0.903,0.3,0.5,5.947722512479089,0.6642136811544826,2.69,"[645.2000122070312, 554.4000244140625]"
std,1790078370.4985437,15.943286653000001,0.8497558281445836,0.903,0.3,0.5,6.104759520029454,0.6933593161243098,16.14,"[645.2000122070312, 554.4000244140625]"
std,1790078370.5486789,15.993421713000002,0.8966977046481729,0.903,0.3,0.5,6.262176110512186,0.7286408742456796,21.52,"[627.0, 569.5999755859375]"
std,1790078370.5987017,16.043444664000003,0.9437130476135317,0.903,0.3,0.5,0.13613021737869246,0.765456413154935,32.28,"[627.0, 569.5999755859375]"
std,1790078370.6486073,16.093350306,0.9896257772042099,0.903,0.3,0.5,0.2929236729585867,0.8084078752157329,21.52,"[593.7999877929688, 599.7999877929688]"
std,1790078370.6987047,16.143447719,1.033564908667698,0.903,0.3,0.5,0.4502785782695682,0.8544272988523022,8.07,"[593.7999877929688, 599.7999877929688]"
std,1790078370.7485492,16.193292191,1.0741238673061522,0.903,0.3,0.5,0.6070084605805235,0.9142525495798421,8.07,"[564.4000244140625, 613.2000122070312]"
std,1790078370.7986543,16.24339729,1.1106146479708359,0.903,0.3,0.5,0.7643235022223251,0.9572040116406401,2.69,"[564.4000244140625, 613.2000122070312]"
std,1790078370.8485076,16.293250758000003,1.1418792432709153,0.903,0.3,0.5,0.921094385459007,0.9986214929135524,21.52,"[542.2000122070312, 625.2000122070312]"
std,1790078370.8987045,16.343447440000002,1.1673915102324846,0.903,0.3,0.5,1.0786168256230226,1.0400389741864646,37.66,"[542.2000122070312, 625.2000122070312]"
std,1790078370.9486086,16.393351556000002,1.1862876336622956,0.903,0.3,0.5,1.2354369973068415,1.0768545130957201,43.04,"[500.3999938964844, 631.7999877929688]"
std,1790078370.9987671,16.443510241000002,1.1982633588530918,0.903,0.3,0.5,1.3928607914615299,1.1075341288534328,80.7,"[500.3999938964844, 631.7999877929688]"
std,1790078371.0487146,16.493457623,1.202934141227951,0.903,0.3,0.5,1.549842221096263,1.1366797638232602,83.39,"[481.0, 639.0]"
std,1790078371.0987446,16.543487601000002,1.2002208145092736,0.903,0.3,0.5,1.7070188692984871,1.1596894756415448,96.84,"[481.0, 639.0]"
std,1790078371.1485791,16.593322054,1.1902249634286042,0.903,0.3,0.5,1.863675687589101,1.179631225884058,96.84,"[453.0, 664.2000122070312]"
std,1790078371.198584,16.643327142,1.1731324719559884,0.903,0.3,0.5,2.020809038361371,1.1857671490356005,102.22,"[453.0, 664.2000122070312]"
std,1790078371.2485166,16.693259313000002,1.1494170719258552,0.903,0.3,0.5,2.1777484460527674,1.1873011298234863,53.8,"[441.0, 683.4000244140625]"
std,1790078371.2985544,16.74329737,1.1195991781325412,0.903,0.3,0.5,2.3349080165573284,1.1873011298234863,0.0,"[441.0, 683.4000244140625]"
std,1790078371.3488195,16.793562385,1.0842918403723627,0.903,0.3,0.5,2.4926979413446446,1.175029283520401,0.0,"[438.6000061035156, 661.7999877929688]"
std,1790078371.3985965,16.843339355,1.0448441794390906,0.903,0.3,0.5,2.6491111699656784,1.1566215140657734,-2.69,"[438.6000061035156, 661.7999877929688]"
std,1790078371.4486961,16.893439208,1.0016637636872159,0.903,0.3,0.5,2.806476131514742,1.1351457830353744,-2.69,"[444.0, 671.7999877929688]"
std,1790078371.4986873,16.943430244,0.9561340739443247,0.903,0.3,0.5,2.9635397672044377,1.102932186489776,-5.38,"[444.0, 671.7999877929688]"
std,1790078371.5485508,16.993293775,0.90939834058832,0.903,0.3,0.5,3.120263234383195,1.0630486860047492,-5.38,"[467.79998779296875, 661.4000244140625]"
std,1790078371.59858,17.043322723,0.8623694468517125,0.903,0.3,0.5,3.2774453269654913,1.0231651855197226,-21.52,"[467.79998779296875, 661.4000244140625]"
std,1790078371.6485255,17.093268343000002,0.8164104114991659,0.903,0.3,0.5,3.434390332974999,0.9817477042468103,-64.56,"[486.3999938964844, 649.0]"
std,1790078371.6987305,17.143473319,0.7724107651498998,0.903,0.3,0.5,3.591961298179143,0.9387962421860124,-45.73,"[486.3999938964844, 649.0]"
std,1790078371.7486045,17.193347439,0.731843999221155,0.903,0.3,0.5,3.7487315279645514,0.8973787609131001,-59.18,"[548.5999755859375, 634.0]"
std,1790078371.7987366,17.243479453000003,0.6953379415287846,0.903,0.3,0.5,3.906135109112107,0.8513593372765309,-21.52,"[548.5999755859375, 634.0]"
std,1790078371.8485572,17.293300208,0.6641024657849601,0.903,0.3,0.5,4.062787830765899,0.8053399136399616,-26.9,"[603.7999877929688, 625.5999755859375]"
std,1790078371.898875,17.343618007,0.6385374786601383,0.903,0.3,0.5,4.220710622931314,0.7623884515791637,-16.14,"[603.7999877929688, 625.5999755859375]"
std,1790078371.9486208,17.39336386,0.6197016296697029,0.903,0.3,0.5,4.377138412834299,0.7117670855789375,-16.14,"[640.2000122070312, 601.4000244140625]"
std,1790078371.9986508,17.443393715000003,0.6077402001782595,0.903,0.3,0.5,4.534386431738426,0.6780195082454534,-32.28,"[640.2000122070312, 601.4000244140625]"
std,1790078372.048661,17.493404045000002,0.6030670774561411,0.903,0.3,0.5,4.69124188350775,0.6519418348513975,-29.59,"[665.0, 592.5999755859375]"
std,1790078372.0987275,17.543470437,0.6057749740324816,0.903,0.3,0.5,4.8485081110829,0.6289321230331129,-43.04,"[665.0, 592.5999755859375]"
std,1790078372.1487043,17.593447284,0.6158035039655978,0.903,0.3,0.5,5.005596835531527,0.6166602767300278,-37.66,"[673.2000122070312, 565.2000122070312]"
std,1790078372.198694,17.643436958000002,0.6329001595654109,0.903,0.3,0.5,5.162651690469758,0.6105243535784852,-51.11,"[673.2000122070312, 565.2000122070312]"
std,1790078372.2486567,17.693399785,0.6566419160318478,0.903,0.3,0.5,5.319685751206215,0.6089903727905995,-10.76,"[669.5999755859375, 582.5999755859375]"
std,1790078372.2987068,17.743449627,0.6864608961994616,0.903,0.3,0.5,5.476790045388036,0.6120583343663708,2.69,"[669.5999755859375, 582.5999755859375]"
std,1790078372.348543,17.793285891,0.7215308412008785,0.903,0.3,0.5,5.633548547608065,0.6258641614573416,2.69,"[662.5999755859375, 558.5999755859375]"
std,1790078372.3986833,17.843426077,0.7612458482181974,0.903,0.3,0.5,5.791044356491156,0.6427379501240836,2.69,"[662.5999755859375, 558.5999755859375]"
std,1790078372.4485087,17.893251722000002,0.8042191435836095,0.903,0.3,0.5,5.9476554551838845,0.6657476619423682,5.38,"[669.5999755859375, 565.2000122070312]"
std,1790078372.4987004,17.943443283,0.849861951390404,0.903,0.3,0.5,6.1051189590697135,0.6933593161243098,24.21,"[669.5999755859375, 565.2000122070312]"
std,1790078372.5486724,17.993415326,0.8966990775353425,0.903,0.3,0.5,6.262180687812673,0.7286408742456796,21.52,"[632.2000122070312, 568.7999877929688]"
std,1790078372.5987158,18.043458766,0.9437131624658275,0.903,0.3,0.5,0.13613060379458375,0.765456413154935,32.28,"[632.2000122070312, 568.7999877929688]"
std,1790078372.6485991,18.093342079000003,0.9896518840116163,0.903,0.3,0.5,0.29301456865883324,0.8068738944278473,21.52,"[602.7999877929688, 596.4000244140625]"
std,1790078372.6986554,18.143398327,1.0335401299845535,0.903,0.3,0.5,0.4501868406224929,0.8544272988523022,13.45,"[602.7999877929688, 596.4000244140625]"
std,1790078372.7487426,18.193485434,1.0742162571240987,0.903,0.3,0.5,0.6073834567876233,0.9142525495798421,13.45,"[557.0, 603.5999755859375]"
std,1790078372.7987196,18.243462471,1.1106557564653086,0.903,0.3,0.5,0.7645133486663838,0.9572040116406401,2.69,"[557.0, 603.5999755859375]"
std,1790078372.848691,18.293433901,1.1419305678380094,0.903,0.3,0.5,0.9213772418951649,0.9986214929135524,13.45,"[522.7999877929688, 610.0]"
std,1790078372.8985846,18.343327575,1.1673512888532571,0.903,0.3,0.5,1.0783331806471068,1.0400389741864646,32.28,"[522.7999877929688, 610.0]"
std,1790078372.948626,18.393369068000002,1.1863002233223923,0.903,0.3,0.5,1.2355645334022114,1.0768545130957201,45.73,"[509.79998779296875, 652.0]"
std,1790078372.998843,18.443585964,1.1982809104999523,0.903,0.3,0.5,1.3931916388670729,1.1075341288534328,67.25,"[509.79998779296875, 652.0]"
std,1790078373.0486696,18.493412373,1.2029334843620805,0.903,0.3,0.5,1.5497379799104323,1.1366797638232602,80.7,"[470.3999938964844, 646.2000122070312]"
std,1790078373.0987487,18.543491845000002,1.2002175982183185,0.903,0.3,0.5,1.707097792389142,1.158155494853659,96.84,"[470.3999938964844, 646.2000122070312]"
std,1790078373.148552,18.593294976000003,1.1902253288602693,0.903,0.3,0.5,1.8636714684301765,1.1780972450961724,96.84,"[453.0, 668.0]"
std,1790078373.1985266,18.643269462000003,1.173148203289494,0.903,0.3,0.5,2.0206884703185253,1.188835110611372,102.22,"[453.0, 668.0]"
std,1790078373.2486837,18.693426654,1.1493502895580525,0.903,0.3,0.5,2.1781386255771693,1.188835110611372,69.94,"[441.79998779296875, 665.2000122070312]"
std,1790078373.2987556,18.743498513000002,1.119507240631557,0.903,0.3,0.5,2.335350839749829,1.1873011298234863,0.0,"[441.79998779296875, 665.2000122070312]"
std,1790078373.3488123,18.793555304,1.0842942695933167,0.903,0.3,0.5,2.492687778292428,1.1765632643082868,-2.69,"[456.3999938964844, 663.4000244140625]"
std,1790078373.3988504,18.843593282,1.0446502500948127,0.903,0.3,0.5,2.649844637602527,1.158155494853659,-2.69,"[456.3999938964844, 663.4000244140625]"
std,1790078373.4487913,18.893534215000003,1.0015809172105141,0.903,0.3,0.5,2.806768538392589,1.1366797638232602,-2.69,"[439.20001220703125, 686.4000244140625]"
std,1790078373.4988563,18.943599245,0.9559944861323245,0.903,0.3,0.5,2.9640125140669724,1.102932186489776,-5.38,"[439.20001220703125, 686.4000244140625]"
std,1790078373.5484953,18.993238208,0.9094225784092645,0.903,0.3,0.5,3.120182423195395,1.0630486860047492,-5.38,"[457.79998779296875, 646.0]"
std,1790078373.5986478,19.043390956,0.8623177180808917,0.903,0.3,0.5,3.277619361773745,1.0231651855197226,-43.04,"[457.79998779296875, 646.0]"
std,1790078373.648523,19.093266168,0.8164107345462639,0.903,0.3,0.5,3.4343892082848484,0.983281685034696,-64.56,"[483.79998779296875, 639.4000244140625]"
std,1790078373.6985354,19.143278436000003,0.7725392318167712,0.903,0.3,0.5,3.591485701892111,0.9387962421860124,-51.11,"[483.79998779296875, 639.4000244140625]"
std,1790078373.7486048,19.1933478,0.7318413976766808,0.903,0.3,0.5,3.748742086857476,0.8973787609131001,-45.73,"[542.0, 622.2000122070312]"
std,1790078373.7987087,19.243451540000002,0.6953618819240601,0.903,0.3,0.5,3.906024540758679,0.8513593372765309,-24.21,"[542.0, 622.2000122070312]"
std,1790078373.8486931,19.293436089,0.6640515725778964,0.903,0.3,0.5,4.063068346715546,0.8053399136399616,-26.9,"[592.7999877929688, 619.5999755859375]"
std,1790078373.898698,19.343441081,0.6386161923142663,0.903,0.3,0.5,4.22015514850947,0.7623884515791637,-10.76,"[592.7999877929688, 619.5999755859375]"
std,1790078373.9485464,19.393289239,0.6197221687207428,0.903,0.3,0.5,4.376930382851974,0.7148350471547088,-10.76,"[628.4000244140625, 617.4000244140625]"
std,1790078373.9985871,19.443330057,0.6077548023757555,0.903,0.3,0.5,4.53411174658477,0.6826214506091103,-40.35,"[628.4000244140625, 617.4000244140625]"
std,1790078374.0485435,19.493286273000002,0.6030682923094064,0.903,0.3,0.5,4.691051235957573,0.6534758156392831,-18.83,"[671.5999755859375, 600.4000244140625]"
std,1790078374.0985386,19.543281443,0.6057601474136545,0.903,0.3,0.5,4.848143422441304,0.6304661038209985,-45.73,"[671.5999755859375, 600.4000244140625]"
std,1790078374.1486218,19.593364646,0.6157819537991729,0.903,0.3,0.5,5.005348194180961,0.6151262959421421,-34.97,"[699.4000244140625, 577.2000122070312]"
std,1790078374.1985698,19.6433128,0.6328618167937387,0.903,0.3,0.5,5.162357923282315,0.6105243535784852,-53.8,"[699.4000244140625, 577.2000122070312]"
std,1790078374.248846,19.693588870000003,0.6567226698222733,0.903,0.3,0.5,5.320157297980337,0.6105243535784852,-16.14,"[679.2000122070312, 554.4000244140625]"
std,1790078374.2987604,19.743503181,0.6864890126831229,0.903,0.3,0.5,5.476925451173003,0.6105243535784852,2.69,"[679.2000122070312, 554.4000244140625]"
std,1790078374.3485396,19.793282314000002,0.721528799851755,0.903,0.3,0.5,5.633540002476053,0.6258641614573416,2.69,"[667.7999877929688, 552.5999755859375]"
std,1790078374.3985686,19.843311394,0.7611486129133374,0.903,0.3,0.5,5.790676557672832,0.6427379501240836,2.69,"[667.7999877929688, 552.5999755859375]"
std,1790078374.44869,19.893432917000002,0.8043266763458189,0.903,0.3,0.5,5.948035041257846,0.6657476619423682,5.38,"[654.0, 557.2000122070312]"
std,1790078374.4986873,19.943430345000003,0.8498605591003656,0.903,0.3,0.5,6.105114243539141,0.6933593161243098,18.83,"[654.0, 557.2000122070312]"
std,1790078374.5486562,19.993399268,0.8966774128823505,0.903,0.3,0.5,6.26210845631438,0.7286408742456796,21.52,"[631.2000122070312, 567.4000244140625]"
std,1790078374.5986683,20.04341131,0.9436708655953854,0.903,0.3,0.5,0.13598829907215304,0.765456413154935,34.97,"[631.2000122070312, 567.4000244140625]"
std,1790078374.648689,20.093431941000002,0.9896957865525424,0.903,0.3,0.5,0.29316742913257343,0.8068738944278473,13.45,"[592.5999755859375, 611.5999755859375]"
std,1790078374.6988122,20.143555181,1.033663676448923,0.903,0.3,0.5,0.450644284787181,0.8544272988523022,5.38,"[592.5999755859375, 611.5999755859375]"
std,1790078374.748527,20.193269962000002,1.0741192396357822,0.903,0.3,0.5,0.606989680139634,0.9127185687919565,5.38,"[549.5999755859375, 606.0]"
std,1790078374.7986412,20.243384111,1.1106384350757321,0.903,0.3,0.5,0.764433351151041,0.9556700308527545,2.69,"[549.5999755859375, 606.0]"
std,1790078374.8485808,20.293323544,1.1418998099374504,0.903,0.3,0.5,0.9212077184139744,0.9986214929135524,13.45,"[520.4000244140625, 621.2000122070312]"
std,1790078374.8986878,20.343430753,1.1673860756844576,0.903,0.3,0.5,1.0785784919094468,1.0400389741864646,32.28,"[520.4000244140625, 621.2000122070312]"
std,1790078374.9488237,20.393566716000002,1.1863467045539737,0.903,0.3,0.5,1.2360358037161632,1.0768545130957201,37.66,"[498.6000061035156, 650.0]"
std,1790078374.9987936,20.443536482000003,1.1982748219514745,0.903,0.3,0.5,1.3930768010891939,1.1075341288534328,72.63,"[498.6000061035156, 650.0]"
std,1790078375.0487463,20.49348923,1.2029347302910276,0.903,0.3,0.5,1.5499361452918095,1.1366797638232602,80.7,"[481.79998779296875, 646.4000244140625]"
std,1790078375.0987916,20.54353446,1.2002126139358875,0.903,0.3,0.5,1.7072200097681218,1.1596894756415448,86.08,"[481.79998779296875, 646.4000244140625]"
std,1790078375.148584,20.593326843,1.1902141900134915,0.903,0.3,0.5,1.8638000475342835,1.179631225884058,86.08,"[464.3999938964844, 662.0]"
std,1790078375.1985111,20.64325414,1.173152651276012,0.903,0.3,0.5,2.0206543746134287,1.1857671490356005,99.53,"[464.3999938964844, 662.0]"
std,1790078375.2486944,20.693437391,1.1493562209289927,0.903,0.3,0.5,2.178103980093354,1.1873011298234863,53.8,"[445.20001220703125, 665.0]"
std,1790078375.2986505,20.743393406000003,1.1195718005841497,0.903,0.3,0.5,2.3350399037584992,1.1873011298234863,0.0,"[445.20001220703125, 665.0]"
std,1790078375.348772,20.79351484,1.0843523175217453,0.903,0.3,0.5,2.492444901764344,1.175029283520401,0.0,"[445.6000061035156, 668.5999755859375]"
std,1790078375.3986788,20.843421853000002,1.0447933624901875,0.903,0.3,0.5,2.64930339459535,1.158155494853659,-2.69,"[445.6000061035156, 668.5999755859375]"
std,1790078375.4487064,20.893449457000003,1.001655652624458,0.903,0.3,0.5,2.8065047608485685,1.1351457830353744,-2.69,"[444.3999938964844, 657.2000122070312]"
std,1790078375.4987733,20.943516186,0.9560895514699873,0.903,0.3,0.5,2.963690557368608,1.1044661672776617,-5.38,"[444.3999938964844, 657.2000122070312]"
std,1790078375.5486615,20.993404233,0.9093269780880194,0.903,0.3,0.5,3.120501162902798,1.0661166475805206,-5.38,"[453.79998779296875, 648.4000244140625]"
std,1790078375.5985863,21.043329061,0.8623824574424839,0.903,0.3,0.5,3.2774015551550235,1.026233147095494,-24.21,"[453.79998779296875, 648.4000244140625]"
std,1790078375.64855,21.093292964,0.81639877465756,0.903,0.3,0.5,3.4344308469538305,0.9848156658225816,-64.56,"[465.79998779296875, 646.0]"
std,1790078375.6987336,21.143476651,0.7724171221497188,0.903,0.3,0.5,3.5919377613669496,0.940330222973898,-37.66,"[465.79998779296875, 646.0]"
std,1790078375.7486992,21.19344217,0.7317877803880134,0.903,0.3,0.5,3.7489597206885037,0.8958447801252144,-43.04,"[544.0, 629.7999877929688]"
std,1790078375.7986934,21.243436318,0.6953637798506163,0.903,0.3,0.5,3.906015775715133,0.8513593372765309,-26.9,"[544.0, 629.7999877929688]"
std,1790078375.8487744,21.293517438000002,0.6640001399134261,0.903,0.3,0.5,4.063351941425935,0.803805932852076,-26.9,"[601.2000122070312, 632.5999755859375]"
std,1790078375.8987637,21.343506631,0.6385828160929614,0.903,0.3,0.5,4.220390610878809,0.7623884515791637,-21.52,"[601.2000122070312, 632.5999755859375]"
std,1790078375.9485505,21.393293539000002,0.6197229713877306,0.903,0.3,0.5,4.376922255551733,0.7117670855789375,-21.52,"[665.4000244140625, 604.7999877929688]"
std,1790078375.998492,21.443235043,0.6077697996314613,0.903,0.3,0.5,4.533830065104226,0.679553489033339,-37.66,"[665.4000244140625, 604.7999877929688]"
std,1790078376.0485578,21.493300607000002,0.6030678973815986,0.903,0.3,0.5,4.691113024801851,0.6534758156392831,-26.9,"[679.5999755859375, 591.7999877929688]"
std,1790078376.098712,21.543454853,0.6057761257040972,0.903,0.3,0.5,4.848536397983125,0.6304661038209985,-51.11,"[679.5999755859375, 591.7999877929688]"
std,1790078376.1486926,21.593435543000002,0.6157980649887065,0.903,0.3,0.5,5.005534101067795,0.6151262959421421,-34.97,"[676.0, 570.5999755859375]"
std,1790078376.1986914,21.643434327,0.6329017990293684,0.903,0.3,0.5,5.162664247415563,0.6089903727905995,-53.8,"[676.0, 570.5999755859375]"
std,1790078376.248666,21.693408926,0.6566468969301609,0.903,0.3,0.5,5.319714845495753,0.6105243535784852,-16.14,"[670.4000244140625, 553.7999877929688]"
std,1790078376.2986357,21.743378486,0.6864356155641705,0.903,0.3,0.5,5.476668280398343,0.6120583343663708,2.69,"[670.4000244140625, 553.7999877929688]"
std,1790078376.3485672,21.793310165,0.7215413933859303,0.903,0.3,0.5,5.633592718400749,0.624330180669456,2.69,"[665.0, 571.2000122070312]"
std,1790078376.3984652,21.843208152000003,0.7610822126781835,0.903,0.3,0.5,5.790425352782634,0.641203969336198,0.0,"[665.0, 571.2000122070312]"
std,1790078376.4487543,21.893497126,0.8043632186148993,0.903,0.3,0.5,5.9481640224858126,0.6642136811544826,2.69,"[670.7999877929688, 568.7999877929688]"
std,1790078376.4987512,21.943493995,0.8498953444434694,0.903,0.3,0.5,6.105232056405228,0.6933593161243098,16.14,"[670.7999877929688, 568.7999877929688]"
std,1790078376.548729,21.993471974000002,0.8967371010029777,0.903,0.3,0.5,6.262307460501006,0.7271068934577939,21.52,"[645.5999755859375, 579.7999877929688]"
std,1790078376.5987053,22.043448116,0.9437124406703865,0.903,0.3,0.5,0.1361281753434369,0.765456413154935,24.21,"[645.5999755859375, 579.7999877929688]"
std,1790078376.6487875,22.093530480000002,0.9897799723098815,0.903,0.3,0.5,0.29346056800145703,0.8068738944278473,16.14,"[597.4000244140625, 597.5999755859375]"
std,1790078376.6986003,22.143343359000003,1.0335007810351238,0.903,0.3,0.5,0.4500411681126977,0.8544272988523022,10.76,"[597.4000244140625, 597.5999755859375]"
std,1790078376.7485502,22.193293122,1.0741251213650034,0.903,0.3,0.5,0.6070135499605911,0.9127185687919565,10.76,"[564.0, 600.5999755859375]"
std,1790078376.7984967,22.243239563000003,1.110536892804852,0.903,0.3,0.5,0.7639645092881793,0.9556700308527545,16.14,"[564.0, 600.5999755859375]"
std,1790078376.84853,22.293272874000003,1.1418894035591662,0.903,0.3,0.5,0.9211503717816569,0.9986214929135524,18.83,"[528.2000122070312, 614.0]"
std,1790078376.8987234,22.343466470000003,1.1673996711230417,0.903,0.3,0.5,1.0786743953083615,1.0400389741864646,37.66,"[528.2000122070312, 614.0]"
std,1790078376.9488418,22.393584703000002,1.1863503154377146,0.903,0.3,0.5,1.2360724409696573,1.0768545130957201,43.04,"[499.0, 624.0]"
std,1790078376.9987326,22.44347565,1.1982605989714892,0.903,0.3,0.5,1.3928088232358178,1.1060001480655473,69.94,"[499.0, 624.0]"
std,1790078377.0486984,22.493441400000002,1.202934079819182,0.903,0.3,0.5,1.5498324538846688,1.1351457830353744,78.01,"[472.6000061035156, 650.5999755859375]"
std,1790078377.0987697,22.543512645,1.2002199529419975,0.903,0.3,0.5,1.7070400153586078,1.158155494853659,94.14999999999999,"[472.6000061035156, 650.5999755859375]"
std,1790078377.1486306,22.593373448,1.190202421410866,0.903,0.3,0.5,1.8639358365935337,1.179631225884058,94.14999999999999,"[452.20001220703125, 659.0]"
std,1790078377.1984632,22.643206077000002,1.17317780253369,0.903,0.3,0.5,2.020461534231565,1.188835110611372,104.91,"[452.20001220703125, 659.0]"
std,1790078377.248531,22.693274086000002,1.1494109065147071,0.903,0.3,0.5,2.1777844769788928,1.1903690913992575,48.42,"[457.0, 674.2000122070312]"
std,1790078377.2986567,22.743399594000003,1.1195682767905049,0.903,0.3,0.5,2.3350568777836074,1.188835110611372,0.0,"[457.0, 674.2000122070312]"
std,1790078377.3487942,22.793537274000002,1.0843245142666003,0.903,0.3,0.5,2.4925612380818976,1.1765632643082868,-2.69,"[442.6000061035156, 668.4000244140625]"
std,1790078377.3987207,22.843463524,1.0447549109748435,0.903,0.3,0.5,2.649448831485664,1.158155494853659,-2.69,"[442.6000061035156, 668.4000244140625]"
std,1790078377.4487572,22.893499967,1.0016230793912924,0.903,0.3,0.5,2.8066197305733382,1.1366797638232602,-2.69,"[438.79998779296875, 662.2000122070312]"
std,1790078377.4986982,22.943441167000003,0.956129675365373,0.903,0.3,0.5,2.9635546646367956,1.1044661672776617,-8.07,"[438.79998779296875, 662.2000122070312]"
std,1790078377.5486164,22.993359128,0.9093619757693351,0.903,0.3,0.5,3.120384477868477,1.0630486860047492,-8.07,"[470.79998779296875, 671.2000122070312]"
std,1790078377.5985866,23.043329301,0.8623615525715402,0.903,0.3,0.5,3.2774718859897902,1.0231651855197226,-40.35,"[470.79998779296875, 671.2000122070312]"
std,1790078377.6485577,23.093300504000002,0.8163921856838638,0.903,0.3,0.5,3.434453786863422,0.983281685034696,-67.25,"[489.6000061035156, 636.7999877929688]"
std,1790078377.6987207,23.143463593,0.7724247978227674,0.903,0.3,0.5,3.591909342519834,0.9387962421860124,-43.04,"[489.6000061035156, 636.7999877929688]"
std,1790078377.7487042,23.193447073,0.7317865769461022,0.903,0.3,0.5,3.7489646058651047,0.8943107993373288,-51.11,"[545.7999877929688, 643.2000122070312]"
std,1790078377.7987545,23.243497459,0.6953308609095893,0.903,0.3,0.5,3.9061678130916206,0.8482913757007595,-18.83,"[545.7999877929688, 643.2000122070312]"
std,1790078377.848687,23.293429866,0.6640483232466032,0.903,0.3,0.5,4.063086260076837,0.8022719520641903,-21.52,"[596.4000244140625, 603.7999877929688]"
std,1790078377.8987446,23.343487672000002,0.6386003440177683,0.903,0.3,0.5,4.220266942084031,0.7593204900033924,-18.83,"[596.4000244140625, 603.7999877929688]"
std,1790078377.9486208,23.393363963000002,0.619712555236295,0.903,0.3,0.5,4.377027737666701,0.7117670855789375,-18.83,"[632.0, 610.4000244140625]"
std,1790078377.998651,23.443394035,0.6077490162825883,0.903,0.3,0.5,4.534220539938353,0.679553489033339,-48.42,"[632.0, 610.4000244140625]"
std,1790078378.0486236,23.493366492,0.6030671304981796,0.903,0.3,0.5,4.6912335237297,0.6519418348513975,-37.66,"[667.0, 599.0]"
std,1790078378.0986836,23.54342652,0.6057734498787137,0.903,0.3,0.5,4.848470666440058,0.6289321230331129,-48.42,"[667.0, 599.0]"
std,1790078378.1487315,23.593474370000003,0.6158067372727901,0.903,0.3,0.5,5.00563412309473,0.6151262959421421,-40.35,"[693.5999755859375, 587.2000122070312]"
std,1790078378.1986983,23.643441407,0.6329034450989568,0.903,0.3,0.5,5.162676854626916,0.6089903727905995,-48.42,"[693.5999755859375, 587.2000122070312]"
std,1790078378.2487144,23.693457364,0.6566553683245638,0.903,0.3,0.5,5.319764325580074,0.6105243535784852,-18.83,"[673.0, 554.0]"
std,1790078378.2987096,23.743452522000002,0.6864723795039563,0.903,0.3,0.5,5.476845349985105,0.6120583343663708,5.38,"[673.0, 554.0]"
std,1790078378.3485813,23.793324105,0.72154430993424,0.903,0.3,0.5,5.633604926629822,0.624330180669456,5.38,"[674.7999877929688, 553.0]"
std,1790078378.398518,23.84326094,0.7611064645293951,0.903,0.3,0.5,5.790517106137692,0.6427379501240836,5.38,"[674.7999877929688, 553.0]"
std,1790078378.4485686,23.893311596,0.8042443349804761,0.903,0.3,0.5,5.947744384247123,0.6642136811544826,2.69,"[674.0, 563.0]"
std,1790078378.4985719,23.943314750000003,0.8497789021054117,0.903,0.3,0.5,6.104837673429877,0.6933593161243098,13.45,"[674.0, 563.0]"
std,1790078378.5485942,23.993337341,0.8966306660785793,0.903,0.3,0.5,6.2619525987612334,0.7255729126699083,29.59,"[635.0, 571.4000244140625]"
std,1790078378.598698,24.043440889000003,0.9437162195889678,0.903,0.3,0.5,0.13614088936891733,0.765456413154935,29.59,"[635.0, 571.4000244140625]"
std,1790078378.6486423,24.093385277000003,0.9896546730385762,0.903,0.3,0.5,0.29302427932171327,0.8068738944278473,13.45,"[600.5999755859375, 603.4000244140625]"
std,1790078378.6986935,24.143436318000003,1.0335556391708096,0.903,0.3,0.5,0.45024425951140756,0.8544272988523022,8.07,"[600.5999755859375, 603.4000244140625]"
std,1790078378.7486806,24.193423601000003,1.0741883031621942,0.903,0.3,0.5,0.6072699856025565,0.9142525495798421,8.07,"[553.5999755859375, 604.0]"
std,1790078378.7985895,24.243332554000002,1.1105761864214923,0.903,0.3,0.5,0.7641459111312088,0.9572040116406401,18.83,"[553.5999755859375, 604.0]"
std,1790078378.8485572,24.293300158,1.1418984383517394,0.903,0.3,0.5,0.9212001597420567,0.9986214929135524,21.52,"[508.6000061035156, 635.0]"
std,1790078378.898545,24.34328786,1.1673352664597934,0.903,0.3,0.5,1.0782202309664228,1.0400389741864646,34.97,"[508.6000061035156, 635.0]"
std,1790078378.948573,24.393315929,1.1862823016089488,0.903,0.3,0.5,1.2353829964707188,1.0768545130957201,45.73,"[488.20001220703125, 649.2000122070312]"
std,1790078378.998684,24.443426975,1.1982561589985008,0.903,0.3,0.5,1.3927252505880858,1.1075341288534328,69.94,"[488.20001220703125, 649.2000122070312]"
std,1790078379.0487015,24.493444508000003,1.2029342222460813,0.903,0.3,0.5,1.5498551141925105,1.1351457830353744,78.01,"[491.0, 654.5999755859375]"
std,1790078379.0987012,24.543444114000003,1.200224514114404,0.903,0.3,0.5,1.706928030146912,1.158155494853659,91.46,"[491.0, 654.5999755859375]"
std,1790078379.148538,24.593281147000003,1.1902290190798086,0.903,0.3,0.5,1.8636288590090118,1.179631225884058,91.46,"[459.6000061035156, 667.2000122070312]"
std,1790078379.1985052,24.643248043,1.1731525512786585,0.903,0.3,0.5,2.0206551411620524,1.188835110611372,96.84,"[459.6000061035156, 667.2000122070312]"
std,1790078379.248693,24.69343599,1.1493498140889675,0.903,0.3,0.5,2.1781414027450694,1.188835110611372,67.25,"[454.79998779296875, 664.2000122070312]"
std,1790078379.2987227,24.743465505000003,1.1195245342939735,0.903,0.3,0.5,2.3352675592701644,1.1873011298234863,0.0,"[454.79998779296875, 664.2000122070312]"
std,1790078379.3488517,24.793594414,1.084279294480931,0.903,0.3,0.5,2.4927504279331174,1.1765632643082868,-2.69,"[454.0, 669.0]"
std,1790078379.3986433,24.843386271,1.0448051687810591,0.903,0.3,0.5,2.6492587368558134,1.1596894756415448,-2.69,"[454.0, 669.0]"
std,1790078379.4486628,24.893405657000002,1.0016915603524499,0.903,0.3,0.5,2.806378016434593,1.1351457830353744,-2.69,"[448.20001220703125, 658.4000244140625]"
std,1790078379.4986954,24.943438214,0.9561328013073357,0.903,0.3,0.5,2.963544077469578,1.102932186489776,-2.69,"[448.20001220703125, 658.4000244140625]"
std,1790078379.5486176,24.993360408,0.9093176703599515,0.903,0.3,0.5,3.1205321955550716,1.0630486860047492,-2.69,"[469.20001220703125, 657.4000244140625]"
std,1790078379.5984893,25.043232240000002,0.8624431057694566,0.903,0.3,0.5,3.277197518137001,1.0231651855197226,-34.97,"[469.20001220703125, 657.4000244140625]"
std,1790078379.6486783,25.093421276,0.8163034672742461,0.903,0.3,0.5,3.4347626808195173,0.983281685034696,-69.94,"[474.79998779296875, 632.4000244140625]"
std,1790078379.6986794,25.14342234,0.7724453578777791,0.903,0.3,0.5,3.591833221729871,0.9387962421860124,-48.42,"[474.79998779296875, 632.4000244140625]"
std,1790078379.7486959,25.193438822,0.7317897887133301,0.903,0.3,0.5,3.7489515682556345,0.8943107993373288,-51.11,"[521.0, 637.2000122070312]"
std,1790078379.7987003,25.243443269,0.6953612424828634,0.903,0.3,0.5,3.906027493855788,0.8498253564886452,-24.21,"[521.0, 637.2000122070312]"
std,1790078379.8486843,25.293427247,0.6640509212238592,0.903,0.3,0.5,4.063071937555961,0.803805932852076,-29.59,"[595.4000244140625, 615.5999755859375]"
std,1790078379.898803,25.343545889,0.6385663417949703,0.903,0.3,0.5,4.220506871798207,0.760854470791278,-18.83,"[595.4000244140625, 615.5999755859375]"
std,1790078379.9485865,25.393329394000002,0.6197075697776827,0.903,0.3,0.5,4.377078235627053,0.7133010663668231,-18.83,"[645.7999877929688, 608.7999877929688]"
std,1790078379.998507,25.443249968,0.6077681069150669,0.903,0.3,0.5,4.533861836030795,0.6810874698212247,-29.59,"[645.7999877929688, 608.7999877929688]"
std,1790078380.0485046,25.493247681000003,0.6030685329823731,0.903,0.3,0.5,4.69101366879265,0.6534758156392831,-26.9,"[670.7999877929688, 596.5999755859375]"
std,1790078380.0985167,25.543259640000002,0.6057581961973656,0.903,0.3,0.5,4.848095356073728,0.6304661038209985,-51.11,"[670.7999877929688, 596.5999755859375]"
std,1790078380.148527,25.593269884,0.6157702713956194,0.903,0.3,0.5,5.005213319325179,0.6151262959421421,-34.97,"[680.5999755859375, 573.2000122070312]"
std,1790078380.198741,25.643483858000003,0.6329040255199778,0.903,0.3,0.5,5.162681299980548,0.6089903727905995,-51.11,"[680.5999755859375, 573.2000122070312]"
std,1790078380.2486894,25.693432442000002,0.6566516064131422,0.903,0.3,0.5,5.319742353281086,0.6089903727905995,-13.45,"[687.7999877929688, 559.5999755859375]"
std,1790078380.2987232,25.743466212,0.6864684016290113,0.903,0.3,0.5,5.476826192553133,0.6105243535784852,0.0,"[687.7999877929688, 559.5999755859375]"
std,1790078380.3486068,25.793349879,0.7215847661336838,0.903,0.3,0.5,5.633774258473878,0.6258641614573416,0.0,"[662.4000244140625, 549.2000122070312]"
std,1790078380.3984287,25.843171838,0.7610478896237788,0.903,0.3,0.5,5.790295488767157,0.6427379501240836,5.38,"[662.4000244140625, 549.2000122070312]"
std,1790078380.4487202,25.893463160000003,0.8043309218437742,0.903,0.3,0.5,5.948050026654826,0.6642136811544826,5.38,"[670.4000244140625, 561.5999755859375]"
std,1790078380.4987404,25.943483369000003,0.8498866621843192,0.903,0.3,0.5,6.1052026510980255,0.6918253353364242,21.52,"[670.4000244140625, 561.5999755859375]"
std,1790078380.5487545,25.993497517,0.8967376993459738,0.903,0.3,0.5,6.262309455412378,0.7286408742456796,24.21,"[624.2000122070312, 574.5999755859375]"
std,1790078380.5986888,26.043431873000003,0.9436980205853237,0.903,0.3,0.5,0.13607965972813219,0.765456413154935,21.52,"[624.2000122070312, 574.5999755859375]"
std,1790078380.6488352,26.093578070000003,0.9898191705606176,0.903,0.3,0.5,0.2935970670607091,0.8084078752157329,18.83,"[588.2000122070312, 605.5999755859375]"
std,1790078380.698776,26.143518877,1.0335952642601183,0.903,0.3,0.5,0.4503909687467669,0.8544272988523022,10.76,"[588.2000122070312, 605.5999755859375]"
std,1790078380.748509,26.193251865,1.0741121284810258,0.903,0.3,0.5,0.6069608214695492,0.9127185687919565,10.76,"[565.7999877929688, 613.2000122070312]"
std,1790078380.7985117,26.243254750000002,1.1105592631438976,0.903,0.3,0.5,0.764067779721934,0.9556700308527545,16.14,"[565.7999877929688, 613.2000122070312]"
std,1790078380.8485262,26.293269185000003,1.141893976328239,0.903,0.3,0.5,0.9211755704963807,0.9986214929135524,21.52,"[529.2000122070312, 631.4000244140625]"
std,1790078380.8985214,26.343264511,1.1673348836066557,0.903,0.3,0.5,1.078217532338364,1.0400389741864646,34.97,"[529.2000122070312, 631.4000244140625]"
std,1790078380.9486775,26.393420551000002,1.1862997377588196,0.903,0.3,0.5,1.235559613668137,1.0768545130957201,43.04,"[498.6000061035156, 634.7999877929688]"
std,1790078380.9987707,26.443513656,1.198270644629553,0.903,0.3,0.5,1.3929980539277764,1.1060001480655473,67.25,"[498.6000061035156, 634.7999877929688]"
std,1790078381.0488045,26.493547297000003,1.2029362127619347,0.903,0.3,0.5,1.550174413103484,1.1351457830353744,80.7,"[485.6000061035156, 643.2000122070312]"
std,1790078381.0989196,26.543662504,1.2001962807147901,0.903,0.3,0.5,1.7076197491590008,1.158155494853659,91.46,"[485.6000061035156, 643.2000122070312]"
std,1790078381.1485498,26.593292561000002,1.1902276666312155,0.903,0.3,0.5,1.863644475866117,1.179631225884058,91.46,"[452.6000061035156, 686.7999877929688]"
std,1790078381.1984844,26.643227152,1.1731642826714976,0.903,0.3,0.5,2.0205652036475996,1.188835110611372,104.91,"[452.6000061035156, 686.7999877929688]"
std,1790078381.2485397,26.693282625000002,1.149401259684262,0.903,0.3,0.5,2.1778408497175192,1.188835110611372,51.11,"[446.0, 689.7999877929688]"
std,1790078381.2987013,26.743444172,1.1195360901821279,0.903,0.3,0.5,2.335211905956335,1.188835110611372,0.0,"[446.0, 689.7999877929688]"
std,1790078381.3486786,26.793421423,1.084397448755972,0.903,0.3,0.5,2.4922560386388355,1.1765632643082868,-2.69,"[444.6000061035156, 668.7999877929688]"
std,1790078381.3985205,26.843263458000003,1.0448871488791016,0.903,0.3,0.5,2.6489486145370265,1.1596894756415448,-2.69,"[444.6000061035156, 668.7999877929688]"
std,1790078381.4487221,26.893464846,1.0016455681990377,0.903,0.3,0.5,2.8065403550933823,1.1366797638232602,-2.69,"[440.20001220703125, 663.7999877929688]"
std,1790078381.498662,26.943404986,0.9561444896803103,0.903,0.3,0.5,2.9635044902605543,1.1044661672776617,-2.69,"[440.20001220703125, 663.7999877929688]"
std,1790078381.5485504,26.993293310000002,0.9093940118295099,0.903,0.3,0.5,3.12027766685987,1.0630486860047492,-2.69,"[451.6000061035156, 650.7999877929688]"
std,1790078381.5988076,27.043550559000003,0.8622080474904102,0.903,0.3,0.5,3.2779883481141,1.0231651855197226,-21.52,"[451.6000061035156, 650.7999877929688]"
std,1790078381.6508973,27.095640089000003,0.8150106290755216,0.903,0.3,0.5,3.4392672880033857,0.983281685034696,-61.87,"[485.79998779296875, 647.7999877929688]"
std,1790078381.6985986,27.143341427000003,0.7725022155013906,0.903,0.3,0.5,3.5916227287388907,0.9387962421860124,-48.42,"[485.79998779296875, 647.7999877929688]"
std,1790078381.7487056,27.193448624000002,0.7317886123518341,0.903,0.3,0.5,3.7489563434764577,0.8943107993373288,-48.42,"[549.2000122070312, 629.0]"
std,1790078381.798713,27.243455830000002,0.6953598914992317,0.903,0.3,0.5,3.9060337330587984,0.8498253564886452,-24.21,"[549.2000122070312, 629.0]"
std,1790078381.8487072,27.29345005,0.6640387255731743,0.903,0.3,0.5,4.0631391739219325,0.803805932852076,-32.28,"[607.5999755859375, 618.2000122070312]"
std,1790078381.8988345,27.343577436,0.6385533903883984,0.903,0.3,0.5,4.2205982890028295,0.760854470791278,-18.83,"[607.5999755859375, 618.2000122070312]"
std,1790078381.9486241,27.393367225000002,0.6197019276585051,0.903,0.3,0.5,4.377135393763787,0.7133010663668231,-18.83,"[652.2000122070312, 599.4000244140625]"
std,1790078381.998476,27.443219102,0.607769405591758,0.903,0.3,0.5,4.5338374604133875,0.679553489033339,-32.28,"[652.2000122070312, 599.4000244140625]"
std,1790078382.0485535,27.493296626000003,0.6030679123401717,0.903,0.3,0.5,4.6911106811737895,0.6534758156392831,-26.9,"[669.4000244140625, 596.5999755859375]"
std,1790078382.0985484,27.543291399,0.6057598898902917,0.903,0.3,0.5,4.848137079565767,0.6304661038209985,-51.11,"[669.4000244140625, 596.5999755859375]"
std,1790078382.1485698,27.593312689,0.6157735599105933,0.903,0.3,0.5,5.005251291755592,0.6151262959421421,-34.97,"[670.0, 613.0]"
std,1790078382.1988165,27.643559500000002,0.6329175063251522,0.903,0.3,0.5,5.162784535856737,0.6089903727905995,-48.42,"[670.0, 613.0]"
std,1790078382.248688,27.693431013,0.6566491021239772,0.903,0.3,0.5,5.319727726025683,0.6105243535784852,-13.45,"[696.0, 557.4000244140625]"
std,1790078382.2986827,27.743425749,0.686467208542948,0.903,0.3,0.5,5.47682044658017,0.6120583343663708,2.69,"[696.0, 557.4000244140625]"
std,1790078382.3485973,27.793340361000002,0.7215543777125438,0.903,0.3,0.5,5.63364706795371,0.624330180669456,2.69,"[660.2000122070312, 564.4000244140625]"
std,1790078382.39851,27.843252997,0.7611013219344107,0.903,0.3,0.5,5.790497650254416,0.641203969336198,5.38,"[660.2000122070312, 564.4000244140625]"
std,1790078382.4485297,27.893272808000003,0.8042252119806031,0.903,0.3,0.5,5.947676877704204,0.6642136811544826,8.07,"[651.0, 566.0]"
std,1790078382.4987175,27.943460589,0.8498751053894529,0.903,0.3,0.5,6.105163509995158,0.6918253353364242,13.45,"[651.0, 566.0]"
std,1790078382.548744,27.993486943,0.8967381770781077,0.903,0.3,0.5,6.262311048199855,0.7271068934577939,24.21,"[637.0, 572.5999755859375]"
std,1790078382.5986173,28.043360192,0.943649573515141,0.903,0.3,0.5,0.13591666447648265,0.7639224323670493,26.9,"[637.0, 572.5999755859375]"
std,1790078382.6485922,28.093335194,0.9896317190404263,0.903,0.3,0.5,0.29294436034622606,0.8068738944278473,16.14,"[608.7999877929688, 597.5999755859375]"
std,1790078382.698696,28.143438673000002,1.03356652428013,0.903,0.3,0.5,0.45028455986199845,0.8559612796401878,5.38,"[608.7999877929688, 597.5999755859375]"
std,1790078382.7485917,28.193334755000002,1.0741524076592757,0.903,0.3,0.5,0.6071242911016839,0.9127185687919565,5.38,"[566.7999877929688, 611.0]"
std,1790078382.7985349,28.243277614,1.110551014032762,0.903,0.3,0.5,0.7640296973357863,0.9556700308527545,16.14,"[566.7999877929688, 611.0]"
std,1790078382.8485298,28.293272824000002,1.1418854509362784,0.903,0.3,0.5,0.9211285911198388,0.9986214929135524,13.45,"[533.7999877929688, 608.4000244140625]"
std,1790078382.898555,28.343298039,1.1673423018792086,0.903,0.3,0.5,1.0782698241480801,1.0400389741864646,34.97,"[533.7999877929688, 608.4000244140625]"
std,1790078382.9486263,28.393369351,1.1862928355653504,0.903,0.3,0.5,1.235489688098852,1.0768545130957201,45.73,"[511.79998779296875, 627.2000122070312]"
std,1790078382.9988027,28.443545585000003,1.198275570029688,0.903,0.3,0.5,1.3930909068402428,1.1075341288534328,67.25,"[511.79998779296875, 627.2000122070312]"
std,1790078383.0488665,28.493609480000003,1.202936962093005,0.903,0.3,0.5,1.5502959016329783,1.1351457830353744,78.01,"[473.3999938964844, 661.7999877929688]"
std,1790078383.0988655,28.543608336000002,1.2002078256024076,0.903,0.3,0.5,1.7073373199794304,1.158155494853659,91.46,"[473.3999938964844, 661.7999877929688]"
std,1790078383.1486278,28.593370764000003,1.190207860517745,0.903,0.3,0.5,1.8638730864219184,1.1780972450961724,91.46,"[452.3999938964844, 669.2000122070312]"
std,1790078383.1984982,28.643241223,1.1731534713302665,0.903,0.3,0.5,2.0206480882865634,1.1873011298234863,102.22,"[452.3999938964844, 669.2000122070312]"
std,1790078383.2486947,28.693437559000003,1.1493490314971346,0.903,0.3,0.5,2.1781459737623976,1.188835110611372,51.11,"[435.20001220703125, 677.0]"
std,1790078383.2988112,28.743554069,1.11946148793997,0.903,0.3,0.5,2.335571134509891,1.188835110611372,0.0,"[435.20001220703125, 677.0]"
std,1790078383.3487816,28.793524712000004,1.0843178834986726,0.903,0.3,0.5,2.492588981486662,1.1780972450961724,-2.69,"[448.20001220703125, 668.4000244140625]"
std,1790078383.3988156,28.843558601,1.0446670610975286,0.903,0.3,0.5,2.649781067475189,1.158155494853659,-2.69,"[448.20001220703125, 668.4000244140625]"
std,1790078383.4488435,28.893586253000002,1.0015450900584772,0.903,0.3,0.5,2.8068949812137163,1.1351457830353744,-2.69,"[457.6000061035156, 666.7999877929688]"
std,1790078383.4987984,28.943541460000002,0.9560425185530727,0.903,0.3,0.5,2.963849845540963,1.1044661672776617,-8.07,"[457.6000061035156, 666.7999877929688]"
std,1790078383.5486095,28.993352447000003,0.9093248598689971,0.903,0.3,0.5,3.1205082252031247,1.064582666792635,-8.07,"[456.0, 652.2000122070312]"
std,1790078383.5984855,29.043228376000002,0.8624256012788105,0.903,0.3,0.5,3.27725640729129,1.0231651855197226,-34.97,"[456.0, 652.2000122070312]"
std,1790078383.6485286,29.093271378,0.816394295377677,0.903,0.3,0.5,3.4344464418198157,0.983281685034696,-67.25,"[480.6000061035156, 642.2000122070312]"
std,1790078383.6987073,29.14345025,0.7724304829459554,0.903,0.3,0.5,3.591888293849081,0.9387962421860124,-43.04,"[480.6000061035156, 642.2000122070312]"
std,1790078383.7485747,29.193317857,0.7318685913770793,0.903,0.3,0.5,3.7486317195659637,0.8943107993373288,-45.73,"[547.7999877929688, 619.5999755859375]"
std,1790078383.7986448,29.243387795,0.6953851479307779,0.903,0.3,0.5,3.905917098289933,0.8498253564886452,-29.59,"[547.7999877929688, 619.5999755859375]"
std,1790078383.8485568,29.293299653000002,0.6641062340351932,0.903,0.3,0.5,4.062767064838482,0.803805932852076,-32.28,"[591.0, 624.0]"
std,1790078383.8985906,29.343333436,0.6386523067893979,0.903,0.3,0.5,4.219900484725798,0.760854470791278,-21.52,"[591.0, 624.0]"
std,1790078383.9485834,29.393326135000002,0.6197213744494514,0.903,0.3,0.5,4.376938425329186,0.7133010663668231,-21.52,"[638.5999755859375, 604.5999755859375]"
std,1790078383.9985366,29.443279460000003,0.6077678262472064,0.903,0.3,0.5,4.533867104481672,0.6810874698212247,-29.59,"[638.5999755859375, 604.5999755859375]"
std,1790078384.0485365,29.49327948,0.6030684913908652,0.903,0.3,0.5,4.69102015618148,0.6519418348513975,-26.9,"[655.7999877929688, 599.2000122070312]"
std,1790078384.0986056,29.543348658000003,0.6057659235911619,0.903,0.3,0.5,4.848285614066427,0.6304661038209985,-45.73,"[655.7999877929688, 599.2000122070312]"
std,1790078384.1485906,29.593333291,0.6157800911000391,0.903,0.3,0.5,5.005326693120878,0.6151262959421421,-32.28,"[673.2000122070312, 580.4000244140625]"
std,1790078384.19877,29.6435129,0.6329219342330898,0.903,0.3,0.5,5.1628184399246635,0.6089903727905995,-59.18,"[673.2000122070312, 580.4000244140625]"
std,1790078384.248804,29.693547034,0.6566861269754856,0.903,0.3,0.5,5.319943952423273,0.6089903727905995,-13.45,"[687.5999755859375, 562.0]"
std,1790078384.2987034,29.743446523000003,0.6864739092261316,0.903,0.3,0.5,5.4768527170199235,0.6105243535784852,0.0,"[687.5999755859375, 562.0]"
std,1790078384.3485339,29.793276842,0.7215270647154258,0.903,0.3,0.5,5.633532739113875,0.624330180669456,0.0,"[665.2000122070312, 552.0]"
