mode,t_ros_sec,t_rel_sec,tail_target_rad,tail_bias_rad,tail_bias_offset_rad,tail_amp_rad,tail_freq_hz,phase_rad,cycle_idx,present_position_rad,present_current_ma,sensor_len,sensor_values
random_walk,1788870410.620637,0.039349826000000004,0.9163842679954316,0.903,0.0,0.33609632675375256,0.626336668543269,0.15424335121733437,0,0.5522330836388308,-86.08,2,"[605.7999877929688, 460.3999938964844]"
random_walk,1788870410.670527,0.08923994,0.9743278096038953,0.903,0.0,0.33269505178734227,0.6342799446604225,0.3533272564238464,0,0.5460971604872883,-88.77,2,"[605.7999877929688, 460.3999938964844]"
random_walk,1788870410.7204363,0.139149036,1.0281338227140755,0.903,0.0,0.3298039680658935,0.641031729360003,0.554455297774938,0,0.5798447378207724,43.04,2,"[606.4000244140625, 434.0]"
random_walk,1788870410.7704961,0.18920877500000002,1.07549110528959,0.903,0.0,0.32734654690266207,0.6467707463546464,0.7578095089169292,0,0.7286408742456796,43.04,2,"[606.4000244140625, 434.0]"
random_walk,1788870410.8204415,0.23915417300000003,1.113988718345995,0.903,0.0,0.32525773891391535,0.6516489108000932,0.9624041901600442,0,0.8513593372765309,59.18,2,"[566.5999755859375, 528.4000244140625]"
random_walk,1788870410.8704627,0.289175444,1.1418527703191685,0.903,0.0,0.32348225212348064,0.6557953505787231,1.1684656125349888,0,0.9541360500648688,2.69,2,"[566.5999755859375, 528.4000244140625]"
random_walk,1788870410.9204798,0.339192718,1.1576052136966304,0.903,0.0,0.32197308835161115,0.6593198243905585,1.375675170035534,0,1.0246991663076084,2.69,2,"[506.79998779296875, 615.2000122070312]"
random_walk,1788870410.9704614,0.38917413500000003,1.1603157753123943,0.903,0.0,0.3206902991455221,0.6623156271306185,1.5836891301960097,0,1.0753205323078345,2.69,2,"[506.79998779296875, 615.2000122070312]"
random_walk,1788870411.0204494,0.43916205900000005,1.1496523148730298,0.903,0.0,0.3195999283203464,0.6648620594596696,1.792514923081308,0,1.1106020904292042,102.22,2,"[496.20001220703125, 610.7999877929688]"
random_walk,1788870411.0704577,0.489170559,1.1258530915739329,0.903,0.0,0.318673113118947,0.6670265269393629,2.0021187642718616,0,1.141281706186917,26.9,2,"[496.20001220703125, 610.7999877929688]"
random_walk,1788870411.1205592,0.5392718900000001,1.0897295292454825,0.903,0.0,0.31788532019775756,0.6688663242971024,2.212520427775964,0,1.1443496677626883,61.87,2,"[466.79998779296875, 641.2000122070312]"
random_walk,1788870411.170545,0.589257872,1.0428009515436578,0.903,0.0,0.31721569621474655,0.6704301520511808,2.423093335939627,0,1.141281706186917,0.0,2,"[466.79998779296875, 641.2000122070312]"
random_walk,1788870411.2206542,0.639366976,0.9868325996446068,0.903,0.0,0.3166465158291872,0.6717594056421475,2.6345275350308173,0,1.1259418983080607,-2.69,2,"[465.79998779296875, 627.5999755859375]"
random_walk,1788870411.2705882,0.6893010740000001,0.9244785620254823,0.903,0.0,0.3161627125014617,0.6728892711944692,2.845663969551981,0,1.1013982057018903,-2.69,2,"[465.79998779296875, 627.5999755859375]"
random_walk,1788870411.3206124,0.739325295,0.8581449883676067,0.903,0.0,0.3157514796728951,0.6738496569139426,3.0574452353750305,0,1.0661166475805206,-21.52,2,"[470.0, 619.4000244140625]"
random_walk,1788870411.370577,0.7892896420000001,0.7908710213509209,0.903,0.0,0.3154019317686134,0.674665984775495,3.269288717765993,0,1.0200972239439514,-16.14,2,"[470.0, 619.4000244140625]"
random_walk,1788870411.4204624,0.839175281,0.7256133003466251,0.903,0.0,0.31510481604997403,0.6753598634578145,3.4811097720051407,0,0.961805954004297,-16.14,2,"[487.3999938964844, 599.4000244140625]"
random_walk,1788870411.4704382,0.8891510600000001,0.6650863630546683,0.903,0.0,0.31485226768913055,0.6759496603377861,3.693405001615938,0,0.9050486648525283,-67.25,2,"[487.3999938964844, 599.4000244140625]"
random_walk,1788870411.5204117,0.939124492,0.6120607988875172,0.903,0.0,0.31463760158241355,0.6764509876857621,3.905857784905497,0,0.8329515678219032,-8.07,2,"[563.2000122070312, 549.4000244140625]"
random_walk,1788870411.5706205,0.9893333710000001,0.5687773345494256,0.903,0.0,0.3144551353917041,0.6768771159315415,4.119104578226316,0,0.7639224323670493,-24.21,2,"[563.2000122070312, 549.4000244140625]"
random_walk,1788870411.620635,1.039347757,0.5374203807424832,0.903,0.0,0.3143000391296011,0.6772393249404541,4.3318961820548845,0,0.705631162427395,-72.63,2,"[572.2000122070312, 553.5999755859375]"
random_walk,1788870411.6706343,1.089347047,0.5192638481283836,0.903,0.0,0.31416820730681355,0.6775472025980298,4.544742214808195,0,0.6504078540635119,-80.7,2,"[572.2000122070312, 553.5999755859375]"
random_walk,1788870411.7205195,1.139232352,0.5151062014599195,0.903,0.0,0.31405615025744416,0.6778088986069691,4.75735350041864,0,0.5997864880632857,-51.11,2,"[593.5999755859375, 468.0]"
random_walk,1788870411.770609,1.189321663,0.5251361946216866,0.903,0.0,0.31396090176548014,0.6780313402145676,4.970587653060594,0,0.5614369683661447,-94.14999999999999,2,"[593.5999755859375, 468.0]"
random_walk,1788870411.8204465,1.239159353,0.5488323539490778,0.903,0.0,0.3138799405473107,0.6782204155810263,5.183231611438418,0,0.5368932757599744,-94.14999999999999,2,"[613.2000122070312, 428.0]"
random_walk,1788870411.8704364,1.289149189,0.5852052358898715,0.903,0.0,0.31381112351186674,0.6783811296425162,5.39628405965273,0,0.5338253141842031,-96.84,2,"[613.2000122070312, 428.0]"
random_walk,1788870411.9204247,1.33913751,0.6325908565518713,0.903,0.0,0.31375262903173934,0.6785177365947825,5.609423940334867,0,0.5338253141842031,-32.28,2,"[612.5999755859375, 412.79998779296875]"
random_walk,1788870411.9704964,1.3892092550000001,0.688912831641484,0.903,0.0,0.31370290872363105,0.6786338525042089,5.822869229636603,0,0.543029198911517,0.0,2,"[612.5999755859375, 412.79998779296875]"
random_walk,1788870412.0206227,1.4393354200000001,0.7515875970772884,0.903,0.0,0.313660646461739,0.6787325510272214,6.0364344190524895,0,0.5660389107298016,2.69,2,"[575.5999755859375, 424.6000061035156]"
random_walk,1788870412.0706012,1.489314115,0.8176254004990868,0.903,0.0,0.3136247235391308,0.678816444771782,6.249646208893688,0,0.6013204688511713,2.69,2,"[575.5999755859375, 424.6000061035156]"
random_walk,1788870412.1205964,1.5393091300000001,0.8841458090655877,0.903,0.0,0.31359418905491376,0.6788877544546585,0.17971088489236653,1,0.6504078540635119,8.07,2,"[581.7999877929688, 462.0]"
random_walk,1788870412.170597,1.589309643,0.9481394775194428,0.903,0.0,0.3135682347433293,0.6789483676851036,0.393016714387886,1,0.7071651432152806,2.69,2,"[581.7999877929688, 462.0]"
random_walk,1788870412.2204876,1.639200207,1.0066154710664095,0.903,0.0,0.3135461735784825,0.6789998889309818,0.6060401076766615,1,0.7715923363064775,2.69,2,"[563.4000244140625, 533.2000122070312]"
random_walk,1788870412.2703977,1.6891103680000001,1.057004459463114,0.903,0.0,0.3135274215883628,0.6790436819899783,0.819002758920198,1,0.8360195293976744,2.69,2,"[563.4000244140625, 533.2000122070312]"
random_walk,1788870412.320557,1.73926986,1.0971874771048773,0.903,0.0,0.31351148239676097,0.6790809060901254,1.0328366252540038,1,0.9004467224888714,2.69,2,"[530.7999877929688, 567.5999755859375]"
random_walk,1788870412.3706572,1.78936994,1.1250922448469887,0.903,0.0,0.3134979340838994,0.6791125465752504,1.2464975801143732,1,0.961805954004297,8.07,2,"[530.7999877929688, 567.5999755859375]"
random_walk,1788870412.4205332,1.839245856,1.139462323232916,0.903,0.0,0.3134864180179671,0.6791394409876067,1.4594610717973495,1,1.0139613007924089,37.66,2,"[506.79998779296875, 603.0]"
random_walk,1788870412.4706042,1.8893168340000002,1.139737663505299,0.903,0.0,0.31347662936192466,0.6791623012381095,1.6731261117073197,1,1.059980724428978,26.9,2,"[506.79998779296875, 603.0]"
random_walk,1788870412.5207336,1.9394464050000002,1.1258447168679473,0.903,0.0,0.31346830900428857,0.6791817324510369,1.8866922732440123,1,1.0967962633382335,32.28,2,"[495.6000061035156, 641.4000244140625]"
random_walk,1788870412.5706263,1.9893389170000002,1.0984805277982226,0.903,0.0,0.3134612367002979,0.6791982489820252,2.09986059868708,1,1.1182719943686323,40.35,2,"[495.6000061035156, 641.4000244140625]"
random_walk,1788870412.620548,2.039260793,1.058880230939367,0.903,0.0,0.31345522524190583,0.6792122880333652,2.3129824005894974,1,1.1274758790959463,40.35,2,"[463.20001220703125, 644.5999755859375]"
random_walk,1788870412.6705396,2.089252267,1.0087622773629001,0.903,0.0,0.3134501155022726,0.6792242212270042,2.526370448309816,1,1.1244079175201749,2.69,2,"[463.20001220703125, 644.5999755859375]"
random_walk,1788870412.7206938,2.139406588,0.9503418414499514,0.903,0.0,0.31344577222358433,0.6792343644415973,2.740103781670138,1,1.1060001480655473,-2.69,2,"[471.3999938964844, 637.4000244140625]"
random_walk,1788870412.7706401,2.189352913,0.8864619920901325,0.903,0.0,0.3134420804366993,0.6792429861740016,2.9534731420851443,1,1.0768545130957201,-2.69,2,"[471.3999938964844, 637.4000244140625]"
random_walk,1788870412.8206055,2.239318194,0.8199735823976205,0.903,0.0,0.31343894241784703,0.6792503146465452,3.166690747796384,1,1.038504993398579,-13.45,2,"[478.3999938964844, 605.0]"
random_walk,1788870412.870531,2.289244047,0.7538385998595664,0.903,0.0,0.3134362751018226,0.6792565438482072,3.3799241155020443,1,0.9848156658225816,-32.28,2,"[478.3999938964844, 605.0]"
random_walk,1788870412.920886,2.339598788,0.6907434959599253,0.903,0.0,0.3134340078832018,0.67926183866962,3.5942693316033356,1,0.9295923574586985,-131.81,2,"[496.79998779296875, 581.7999877929688]"
random_walk,1788870412.9707184,2.3894312070000003,0.6342510880500662,0.903,0.0,0.31343208074737416,0.6792663392678208,3.8072864824420005,1,0.8666991451553873,-45.73,2,"[496.79998779296875, 581.7999877929688]"
random_walk,1788870413.020485,2.439197795,0.5865753292199828,0.903,0.0,0.31343044268192066,0.6792701647762914,4.019978191618019,1,0.7853981633974483,-45.73,2,"[535.2000122070312, 538.0]"
random_walk,1788870413.0705402,2.4892529380000004,0.5496301790283777,0.903,0.0,0.31342905032628515,0.6792734164584915,4.233656332039363,1,0.7286408742456796,-59.18,2,"[535.2000122070312, 538.0]"
random_walk,1788870413.1204598,2.5391726400000003,0.5253908673183847,0.903,0.0,0.313427866823995,0.6792761803883616,4.446703803265827,1,0.6734175658817965,-102.22,2,"[584.2000122070312, 489.6000061035156]"
random_walk,1788870413.1705809,2.589293585,0.5148142796157407,0.903,0.0,0.31342686084704835,0.6792785297287511,4.660531132202673,1,0.619728238305799,-56.49,2,"[584.2000122070312, 489.6000061035156]"
random_walk,1788870413.2205653,2.639278037,0.5184688276836904,0.903,0.0,0.3134260057666437,0.6792805266680823,4.873846902956757,1,0.5752427954571154,-78.01,2,"[601.2000122070312, 464.20001220703125]"
random_walk,1788870413.2706249,2.68933764,0.5361735367697519,0.903,0.0,0.31342527894829975,0.6792822240665137,5.0873970748815704,1,0.5460971604872883,-96.84,2,"[601.2000122070312, 464.20001220703125]"
random_walk,1788870413.3205576,2.7392704820000002,0.5670693195944732,0.903,0.0,0.3134246611527074,0.6792836668551805,5.300611206128,1,0.5292233718205462,-91.46,2,"[611.7999877929688, 423.20001220703125]"
random_walk,1788870413.3706343,2.789347047,0.6098762360618041,0.903,0.0,0.3134241360264539,0.6792848932255472,5.514280075736888,1,0.526155410244775,-45.73,2,"[611.7999877929688, 423.20001220703125]"
random_walk,1788870413.4206045,2.839317401,0.6624998042487181,0.903,0.0,0.3134236896691384,0.6792859356403589,5.7275908868770635,1,0.5353592949720888,-45.73,2,"[611.0, 409.0]"
random_walk,1788870413.4705844,2.889297168,0.7226554947505387,0.903,0.0,0.31342331026542025,0.6792868216929489,5.941032443078944,1,0.5553010452146021,2.69,2,"[611.0, 409.0]"
random_walk,1788870413.5204816,2.9391945010000002,0.7874246929604501,0.903,0.0,0.3134229877722598,0.6792875748376503,6.15396243648823,1,0.5844466801844292,2.69,2,"[604.4000244140625, 430.79998779296875]"
random_walk,1788870413.5705914,2.9893042160000003,0.8542861514856875,0.903,0.0,0.31342271365307345,0.6792882150106466,0.08456531692949376,2,0.6258641614573416,2.69,2,"[604.4000244140625, 430.79998779296875]"
random_walk,1788870413.6205797,3.039292349,0.9198094786200326,0.903,0.0,0.31342248065176503,0.6792887591576935,0.29791046806204413,2,0.679553489033339,2.69,2,"[568.7999877929688, 478.79998779296875]"
random_walk,1788870413.6706088,3.089321485,0.9812069615405637,0.903,0.0,0.3134222826006529,0.6792892216826832,0.5114226642450799,2,0.7393787397608791,21.52,2,"[568.7999877929688, 478.79998779296875]"
random_walk,1788870413.7206092,3.1393218110000003,1.0356053007355408,0.903,0.0,0.31342211425720756,0.6792896148289246,0.7247950926722577,2,0.8007379712763046,26.9,2,"[551.2000122070312, 532.0]"
random_walk,1788870413.7706115,3.189324383,1.0805878144238175,0.903,0.0,0.31342197116527903,0.6792899490032297,0.9382144471750617,2,0.8713010875190442,2.69,2,"[551.2000122070312, 532.0]"
random_walk,1788870413.8204558,3.239168578,1.1140446631214593,0.903,0.0,0.3134218495371398,0.679290233051389,1.1511956161451486,2,0.940330222973898,2.69,2,"[517.7999877929688, 582.7999877929688]"
random_walk,1788870413.8704777,3.2891903250000003,1.1346002207444026,0.903,0.0,0.31342174615322144,0.6792904744923245,1.3646982315394087,2,0.9924855697620099,21.52,2,"[517.7999877929688, 582.7999877929688]"
random_walk,1788870413.9204497,3.3391625260000004,1.141224844065092,0.903,0.0,0.31342165827689084,0.6792906797171196,1.5780010529540647,2,1.0400389741864646,45.73,2,"[495.0, 617.0]"
random_walk,1788870413.970529,3.3892419420000004,1.1336211598551877,0.903,0.0,0.31342158358200983,0.6792908541581956,1.7916334229927848,2,1.081456455459377,24.21,2,"[495.0, 617.0]"
random_walk,1788870414.020507,3.4392198360000004,1.112159722943012,0.903,0.0,0.313421520091361,0.67929100243311,2.004916925836728,2,1.1121360712170898,53.8,2,"[557.4000244140625, 653.7999877929688]"
random_walk,1788870414.0705867,3.4892995470000003,1.0777340129109525,0.903,0.0,0.31342146612430943,0.6792911284667873,2.218614483656552,2,1.1244079175201749,53.8,2,"[557.4000244140625, 653.7999877929688]"
random_walk,1788870414.1205006,3.5392133390000002,1.0320555258253674,0.903,0.0,0.3134214202523156,0.679291235595413,2.4318201282387104,2,1.1244079175201749,-13.45,2,"[472.6000061035156, 628.7999877929688]"
random_walk,1788870414.1705973,3.589310089,0.9770051483956952,0.903,0.0,0.3134213812611209,0.6792913266547449,2.6454712046309474,2,1.1121360712170898,-2.69,2,"[472.6000061035156, 628.7999877929688]"
random_walk,1788870414.220441,3.6391539460000004,0.9153790135367671,0.903,0.0,0.3134213481186054,0.679291404055177,2.8584292234446753,2,1.086058397823034,-2.69,2,"[479.3999938964844, 622.0]"
random_walk,1788870414.2704644,3.689177029,0.8496151419531216,0.903,0.0,0.3134213199474672,0.6792914698455442,3.0719675258111696,2,1.05231082048955,-16.14,2,"[479.3999938964844, 622.0]"
random_walk,1788870414.3206534,3.7393661720000004,0.7827629414404432,0.903,0.0,0.31342129600199975,0.6792915257673564,3.2858213618557457,2,1.0078253776408663,-21.52,2,"[489.6000061035156, 607.4000244140625]"
random_walk,1788870414.3705769,3.7892895190000004,0.7181518951088347,0.903,0.0,0.31342127564835237,0.6792915733008967,3.4990321360029455,2,0.9556700308527545,-83.39,2,"[489.6000061035156, 607.4000244140625]"
random_walk,1788870414.420573,3.83928591,0.658460769683559,0.903,0.0,0.31342125834775214,0.679291613704406,3.712418064934262,2,0.8973787609131001,-83.39,2,"[521.4000244140625, 565.4000244140625]"
random_walk,1788870414.4706202,3.8893330600000002,0.6064157338189604,0.903,0.0,0.31342124364224194,0.679291648047389,3.9259653820933202,2,0.8237476830945893,-2.69,2,"[521.4000244140625, 565.4000244140625]"
random_walk,1788870414.520606,3.9393188400000003,0.5644607173470102,0.903,0.0,0.31342123114255827,0.6792916772389245,4.139323366290075,2,0.7562525284276211,-29.59,2,"[562.4000244140625, 519.5999755859375]"
random_walk,1788870414.570633,3.989345691,0.5344331504236979,0.903,0.0,0.3134212205178271,0.6792917020517296,4.35281973058936,2,0.6994952392758523,-69.94,2,"[562.4000244140625, 519.5999755859375]"
random_walk,1788870414.6204653,4.039177995,0.5177549883506223,0.903,0.0,0.3134212114868057,0.679291723142614,4.565708633403567,2,0.6396699885483124,-69.94,2,"[577.4000244140625, 487.0]"
random_walk,1788870414.670449,4.089161651,0.5150862555981494,0.903,0.0,0.3134212038104374,0.6792917410698657,4.779086569750106,2,0.5921165841238575,-72.63,2,"[577.4000244140625, 487.0]"
random_walk,1788870414.7206812,4.139393732,0.5266628171058101,0.903,0.0,0.3134211972855244,0.6792917563080296,4.993166009889887,2,0.5568350260024878,-110.28999999999999,2,"[599.0, 446.79998779296875]"
random_walk,1788870414.7705593,4.189272121,0.5518347165080386,0.903,0.0,0.31342119173934835,0.679291769260469,5.2062122797922825,2,0.5338253141842031,-102.22,2,"[599.0, 446.79998779296875]"
random_walk,1788870414.8204734,4.2391862510000005,0.5895064381184021,0.903,0.0,0.3134211870250987,0.6792917802700424,5.419361423282648,2,0.5230874486690036,-110.28999999999999,2,"[615.7999877929688, 420.79998779296875]"
random_walk,1788870414.870618,4.2893309550000005,0.6381341876716652,0.903,0.0,0.3134211830179865,0.6792917896281799,5.633192845155161,2,0.5230874486690036,-43.04,2,"[615.7999877929688, 420.79998779296875]"
random_walk,1788870414.920597,4.339309817,0.6952693704229197,0.903,0.0,0.3134211796119411,0.6792917975825967,5.846558468665556,2,0.5384272565478601,2.69,2,"[593.4000244140625, 420.6000061035156]"
random_walk,1788870414.9706032,4.389315904,0.7584289785263906,0.903,0.0,0.31342117671680253,0.6792918043438511,6.059967804078532,2,0.5660389107298016,2.69,2,"[593.4000244140625, 420.6000061035156]"
random_walk,1788870415.0204618,4.439174444000001,0.8246026020865965,0.903,0.0,0.31342117425593474,0.6792918100909172,6.272949924193934,2,0.6089903727905995,2.69,2,"[570.2000122070312, 454.0]"
random_walk,1788870415.0705545,4.489267191000001,0.8911365907195536,0.903,0.0,0.3134211721641971,0.6792918149759235,0.20344840845326928,3,0.6565437772150544,2.69,2,"[570.2000122070312, 454.0]"
random_walk,1788870415.1210449,4.539757509,0.9550887011756334,0.903,0.0,0.3134211703862202,0.6792918191281788,0.41817468862349827,3,0.7117670855789375,5.38,2,"[577.0, 491.20001220703125]"
random_walk,1788870415.1708338,4.589546492,1.0127514995839013,0.903,0.0,0.31342116887493976,0.6792918226575958,0.6311477045186038,3,0.7731263170943632,34.97,2,"[577.0, 491.20001220703125]"
random_walk,1788870415.220671,4.6393835260000005,1.062035875127638,0.903,0.0,0.3134211675903514,0.6792918256576003,0.8440168994224031,3,0.8406214717613314,8.07,2,"[544.4000244140625, 552.4000244140625]"
random_walk,1788870415.2706327,4.689345459,1.1008046660507829,0.903,0.0,0.3134211664984513,0.679291828207604,1.0572621460599727,3,0.9096506072161852,2.69,2,"[544.4000244140625, 552.4000244140625]"
random_walk,1788870415.320458,4.739170721000001,1.1271758224973163,0.903,0.0,0.3134211655703362,0.6792918303751072,1.2701775362664094,3,0.9679418771558396,5.38,2,"[507.79998779296875, 581.5999755859375]"
random_walk,1788870415.370599,4.789311781,1.140052251342727,0.903,0.0,0.3134211647814384,0.6792918322174849,1.4840156212708742,3,1.0200972239439514,43.04,2,"[507.79998779296875, 581.5999755859375]"
random_walk,1788870415.4205956,4.839308389,1.1387246071150332,0.903,0.0,0.31342116411087523,0.679291833783506,1.6973644056281572,3,1.0676506283684062,43.04,2,"[508.0, 635.5999755859375]"
random_walk,1788870415.4704492,4.889162078,1.1233373455897833,0.903,0.0,0.31342116354089655,0.6792918351146239,1.9103409423567967,3,1.1013982057018903,45.73,2,"[508.0, 635.5999755859375]"
random_walk,1788870415.520645,4.93935762,1.094431461445291,0.903,0.0,0.31342116305641465,0.6792918362460741,2.124316171748333,3,1.1213399559444037,56.49,2,"[475.3999938964844, 635.0]"
random_walk,1788870415.5705447,4.989257495,1.0535459313375533,0.903,0.0,0.31342116264460507,0.6792918372078068,2.337458418755997,3,1.1305438406717176,13.45,2,"[475.3999938964844, 635.0]"
random_walk,1788870415.620642,5.039354540000001,1.0023061046969166,0.903,0.0,0.3134211622945669,0.6792918380252796,2.5511307618208434,3,1.1244079175201749,-2.69,2,"[467.0, 635.7999877929688]"
random_walk,1788870415.6706355,5.089348099,0.9432053266127128,0.903,0.0,0.31342116199703446,0.6792918387201314,2.7645439194616586,3,1.102932186489776,-2.69,2,"[467.0, 635.7999877929688]"
random_walk,1788870415.720618,5.139330869,0.8788868455960154,0.903,0.0,0.3134211617441319,0.6792918393107555,2.977898685186137,3,1.0722525707320631,-18.83,2,"[466.20001220703125, 625.4000244140625]"
random_walk,1788870415.7707298,5.189442709000001,0.8120743949738057,0.903,0.0,0.31342116152916477,0.6792918398127861,3.19182134531016,3,1.0323690702470365,-18.83,2,"[466.20001220703125, 625.4000244140625]"
random_walk,1788870415.8204675,5.239180228,0.746423534879038,0.903,0.0,0.31342116134644266,0.679291840239512,3.4042761021341406,3,0.9740778003073821,-18.83,2,"[489.0, 602.0]"
random_walk,1788870415.8704593,5.289171926000001,0.6841934860550113,0.903,0.0,0.3134211611911289,0.679291840602229,3.617588438918002,3,0.9219224535192704,-121.05,2,"[489.0, 602.0]"
random_walk,1788870415.9204412,5.339153925000001,0.6284531798181636,0.903,0.0,0.31342116105911216,0.6792918409105385,3.8309851223172338,3,0.859029241215959,-2.69,2,"[544.5999755859375, 568.2000122070312]"
random_walk,1788870415.9705818,5.389294667000001,0.5816689389301872,0.903,0.0,0.3134211609468979,0.6792918411726016,4.044834695642276,3,0.7838641826095626,-16.14,2,"[544.5999755859375, 568.2000122070312]"
random_walk,1788870416.0206337,5.439346438,0.5461403056172967,0.903,0.0,0.31342116085151583,0.6792918413953551,4.258378752989032,3,0.7255729126699083,-59.18,2,"[565.0, 518.4000244140625]"
random_walk,1788870416.0707178,5.489430607,0.5233846748687561,0.903,0.0,0.3134211607704411,0.6792918415846957,4.472227417334988,3,0.6688156235181395,-102.22,2,"[565.0, 518.4000244140625]"
random_walk,1788870416.120506,5.5392186180000005,0.5145085827276434,0.903,0.0,0.31342116070152753,0.6792918417456352,4.684804545798748,3,0.6151262959421421,-59.18,2,"[596.0, 475.0]"
random_walk,1788870416.1706133,5.589326031000001,0.5198049810132462,0.903,0.0,0.313421160642951,0.6792918418824337,4.898556003884689,3,0.5721748338813442,-78.01,2,"[596.0, 475.0]"
random_walk,1788870416.2204595,5.639172043,0.5390264193384908,0.903,0.0,0.31342116059316094,0.6792918419987125,5.111535329851765,3,0.5399612373357456,-78.01,2,"[598.7999877929688, 432.79998779296875]"
random_walk,1788870416.2704048,5.689117608,0.5713469485015529,0.903,0.0,0.3134211605508394,0.6792918420975494,5.324787956155056,3,0.5276893910326605,-88.77,2,"[598.7999877929688, 432.79998779296875]"
random_walk,1788870416.3206148,5.739327433000001,0.6154421903938753,0.903,0.0,0.3134211605148661,0.6792918421815608,5.538716413127293,3,0.5276893910326605,-40.35,2,"[608.4000244140625, 413.3999938964844]"
random_walk,1788870416.370617,5.789329789,0.6690921670519875,0.903,0.0,0.3134211604842888,0.6792918422529705,5.752173640181116,3,0.5353592949720888,2.69,2,"[608.4000244140625, 413.3999938964844]"
random_walk,1788870416.4206433,5.839356254,0.7299510362380484,0.903,0.0,0.3134211604582981,0.6792918423136687,5.965645878219821,3,0.5553010452146021,2.69,2,"[599.0, 431.0]"
random_walk,1788870416.4706748,5.889387624,0.7952494415708661,0.903,0.0,0.313421160436206,0.6792918423652622,6.179108333751671,3,0.5890486225480862,2.69,2,"[599.0, 431.0]"
random_walk,1788870416.5204742,5.939186859,0.8618375781449169,0.903,0.0,0.3134211604174277,0.6792918424091167,0.10878101011507368,4,0.6320000846088841,2.69,2,"[580.7999877929688, 458.3999938964844]"
random_walk,1788870416.5707173,5.989430138,0.9273242115426497,0.903,0.0,0.3134211604014661,0.679291842446393,0.32310026445586004,4,0.6856894121848816,2.69,2,"[580.7999877929688, 458.3999938964844]"
random_walk,1788870416.6204503,6.039162819,0.9877541646395873,0.903,0.0,0.3134211603878988,0.6792918424780778,0.5355515391968915,4,0.7501166052760785,2.69,2,"[566.4000244140625, 510.20001220703125]"
random_walk,1788870416.670412,6.089124915,1.0411885867734807,0.903,0.0,0.3134211603763666,0.67929184250501,0.7488584219253518,4,0.8114758367915041,13.45,2,"[566.4000244140625, 510.20001220703125]"
random_walk,1788870416.7204309,6.139143667000001,1.084971323174531,0.903,0.0,0.3134211603665642,0.6792918425279023,0.9622781707343684,4,0.8774370106705868,2.69,2,"[532.2000122070312, 575.0]"
random_walk,1788870416.7705424,6.189255258,1.1171252666611762,0.903,0.0,0.3134211603582322,0.6792918425473607,1.17602940708748,4,0.9418642037617837,2.69,2,"[532.2000122070312, 575.0]"
random_walk,1788870416.820482,6.239194675,1.1360811322446427,0.903,0.0,0.31342116035115,0.6792918425639004,1.3892557760843154,4,0.9970875121256667,21.52,2,"[509.20001220703125, 588.4000244140625]"
random_walk,1788870416.8707352,6.289447873,1.14106341305062,0.903,0.0,0.31342116034513007,0.6792918425779592,1.6035647955231838,4,1.0446409165501216,45.73,2,"[509.20001220703125, 588.4000244140625]"
random_walk,1788870416.9206343,6.339346865,1.1318204220300787,0.903,0.0,0.31342116034001316,0.6792918425899092,1.8164748544125402,4,1.086058397823034,26.9,2,"[486.6000061035156, 627.2000122070312]"
random_walk,1788870416.9706187,6.389331520000001,1.1087810241700615,0.903,0.0,0.3134211603356638,0.6792918426000666,2.0298705011902136,4,1.1136700520049756,45.73,2,"[486.6000061035156, 627.2000122070312]"
random_walk,1788870417.0204465,6.439159291,1.0730841581741417,0.903,0.0,0.3134211603319668,0.6792918426087005,2.2428111667490604,4,1.1244079175201749,45.73,2,"[484.6000061035156, 630.2000122070312]"
random_walk,1788870417.0704362,6.489149041,1.026218294693278,0.903,0.0,0.3134211603288244,0.6792918426160393,2.4561200982083164,4,1.1228739367322893,0.0,2,"[484.6000061035156, 630.2000122070312]"
random_walk,1788870417.1205583,6.539270991,0.9702301448231595,0.903,0.0,0.31342116032615336,0.6792918426222772,2.6698903106310716,4,1.1090681096413186,-2.69,2,"[452.0, 639.2000122070312]"
random_walk,1788870417.170506,6.589218858000001,0.90793467751036,0.903,0.0,0.31342116032388295,0.6792918426275794,2.8830791074181263,4,1.086058397823034,-13.45,2,"[452.0, 639.2000122070312]"
random_walk,1788870417.2206178,6.639330592,0.8418109013675231,0.903,0.0,0.3134211603219531,0.6792918426320863,3.096908202779545,4,1.0507768397016641,-10.76,2,"[527.0, 617.2000122070312]"
random_walk,1788870417.2706082,6.689320902,0.7751921126695172,0.903,0.0,0.31342116032031275,0.6792918426359171,3.310275458057358,4,1.0032234352772094,-26.9,2,"[527.0, 617.2000122070312]"
random_walk,1788870417.3205457,6.73925845,0.711008414910473,0.903,0.0,0.3134211603189184,0.6792918426391734,3.523475326342318,4,0.9480001269133262,-94.14999999999999,2,"[494.79998779296875, 598.2000122070312]"
random_walk,1788870417.3706625,6.789375363,0.6519692393199803,0.903,0.0,0.31342116031773326,0.6792918426419412,3.7372322051752356,4,0.8897088569736719,-91.46,2,"[494.79998779296875, 598.2000122070312]"
random_walk,1788870417.420496,6.839208683000001,0.6011226593485178,0.903,0.0,0.3134211603167259,0.6792918426442939,3.9501172955999664,4,0.8114758367915041,-91.46,2,"[528.2000122070312, 556.7999877929688]"
random_walk,1788870417.4704792,6.889191985,0.5604428479586377,0.903,0.0,0.31342116031586964,0.6792918426462936,4.163418015212528,4,0.7516505860639642,-18.83,2,"[528.2000122070312, 556.7999877929688]"
random_walk,1788870417.52046,6.939172772,0.5318666977750252,0.903,0.0,0.3134211603151418,0.6792918426479934,4.376861797823427,4,0.6948932969121955,-83.39,2,"[568.2000122070312, 516.2000122070312]"
random_walk,1788870417.5704865,6.989199415000001,0.5167218816301038,0.903,0.0,0.3134211603145231,0.6792918426494382,4.590311816153022,4,0.6396699885483124,-61.87,2,"[568.2000122070312, 516.2000122070312]"
random_walk,1788870417.620464,7.039176694,0.5156944757919029,0.903,0.0,0.31342116031399725,0.6792918426506663,4.803679997616751,4,0.5890486225480862,-72.63,2,"[597.4000244140625, 473.3999938964844]"
random_walk,1788870417.6705894,7.089302194,0.5288607769061262,0.903,0.0,0.3134211603135503,0.6792918426517102,5.0174536416144555,4,0.5537670644267164,-104.91,2,"[597.4000244140625, 473.3999938964844]"
random_walk,1788870417.7204733,7.1391858610000005,0.5555265653820425,0.903,0.0,0.31342116031317035,0.6792918426525975,5.230517015537156,4,0.5322913333963175,-107.6,2,"[619.2000122070312, 425.20001220703125]"
random_walk,1788870417.7706146,7.189327409000001,0.5946687897914743,0.903,0.0,0.3134211603128474,0.6792918426533516,5.444356601935688,4,0.5230874486690036,-121.05,2,"[619.2000122070312, 425.20001220703125]"
random_walk,1788870417.820467,7.2391797460000005,0.6442087997837653,0.903,0.0,0.3134211603125729,0.6792918426539927,5.6573201019321395,4,0.526155410244775,-121.05,2,"[612.4000244140625, 411.20001220703125]"
random_walk,1788870417.8704622,7.289174723,0.7021468846402803,0.903,0.0,0.3134211603123396,0.6792918426545376,5.870640710970296,4,0.543029198911517,2.69,2,"[612.4000244140625, 411.20001220703125]"
random_walk,1788870417.9204495,7.339162032000001,0.7658211944027786,0.903,0.0,0.31342116031214123,0.6792918426550008,6.084089786047887,4,0.5706408530934585,2.69,2,"[594.0, 432.3999938964844]"
random_walk,1788870417.9704783,7.389191055,0.8323125385437591,0.903,0.0,0.31342116031197265,0.6792918426553944,0.014364646780862245,5,0.6105243535784852,2.69,2,"[594.0, 432.3999938964844]"
random_walk,1788870418.0204878,7.4392005480000005,0.8985907736686766,0.903,0.0,0.31342116031182937,0.6792918426557291,0.22779615429106315,5,0.6611457195787114,2.69,2,"[580.7999877929688, 468.3999938964844]"
random_walk,1788870418.0707042,7.489416960000001,0.9618673890739473,0.903,0.0,0.3134211603117076,0.6792918426560135,0.4419702415187352,5,0.7194369895183657,2.69,2,"[580.7999877929688, 468.3999938964844]"
random_walk,1788870418.1205404,7.539253144000001,1.0186629415402442,0.903,0.0,0.31342116031160405,0.6792918426562553,0.654714526783053,5,0.782330201821677,26.9,2,"[568.4000244140625, 538.0]"
random_walk,1788870418.1709359,7.5896487420000005,1.0670646117905198,0.903,0.0,0.31342116031151607,0.6792918426564608,0.8685032756466313,5,0.8498253564886452,2.69,2,"[568.4000244140625, 538.0]"
random_walk,1788870418.2205362,7.639248856,1.1044678616270334,0.903,0.0,0.3134211603114413,0.6792918426566356,1.0815803672971072,5,0.9219224535192704,2.69,2,"[517.0, 580.7999877929688]"
random_walk,1788870418.2708325,7.689545153,1.1294707441068566,0.903,0.0,0.31342116031137773,0.679291842656784,1.2959821841503327,5,0.9786797426710391,8.07,2,"[517.0, 580.7999877929688]"
random_walk,1788870418.3205817,7.739294483,1.1406215245822084,0.903,0.0,0.31342116031132367,0.6792918426569102,1.5083886821368253,5,1.0246991663076084,51.11,2,"[500.3999938964844, 600.7999877929688]"
random_walk,1788870418.3706193,7.789332026,1.1376527553898366,0.903,0.0,0.3134211603112777,0.6792918426570175,1.7220620766152592,5,1.069184609156292,21.52,2,"[500.3999938964844, 600.7999877929688]"
random_walk,1788870418.4204655,7.839178186000001,1.1206744648041322,0.903,0.0,0.3134211603112387,0.6792918426571086,1.9349927804053095,5,1.102932186489776,48.42,2,"[537.7999877929688, 639.7999877929688]"
random_walk,1788870418.4705746,7.889287453000001,1.0903258570077872,0.903,0.0,0.3134211603112055,0.6792918426571861,2.148753965772599,5,1.1228739367322893,67.25,2,"[537.7999877929688, 639.7999877929688]"
random_walk,1788870418.520457,7.9391698260000005,1.0481908904866406,0.903,0.0,0.3134211603111773,0.6792918426572521,2.361782345409374,5,1.1305438406717176,0.0,2,"[471.0, 631.0]"
random_walk,1788870418.5706608,7.989373464000001,0.9958218082213293,0.903,0.0,0.3134211603111533,0.679291842657308,2.5758344669396323,5,1.1228739367322893,-2.69,2,"[471.0, 631.0]"
random_walk,1788870418.6206214,8.039334199,0.9360390921004244,0.903,0.0,0.31342116031113293,0.6792918426573556,2.789019755344249,5,1.0983302441261191,-2.69,2,"[468.20001220703125, 627.4000244140625]"
random_walk,1788870418.6705227,8.08923545,0.8713833011920111,0.903,0.0,0.3134211603111156,0.6792918426573962,3.002117752229708,5,1.0661166475805206,-8.07,2,"[468.20001220703125, 627.4000244140625]"
random_walk,1788870418.7205048,8.139217480000001,0.8046891661744622,0.903,0.0,0.3134211603111009,0.6792918426574306,3.2154305719561194,5,1.0246991663076084,-26.9,2,"[489.6000061035156, 600.4000244140625]"
random_walk,1788870418.770581,8.189293974,0.7389128347092208,0.903,0.0,0.31342116031108835,0.6792918426574598,3.429176865864939,5,0.9710098387316108,-53.8,2,"[489.6000061035156, 600.4000244140625]"
random_walk,1788870418.8204963,8.239209079,0.6773467121638099,0.903,0.0,0.3134211603110777,0.6792918426574847,3.6423260716124943,5,0.9157865303677277,-121.05,2,"[509.0, 579.5999755859375]"
random_walk,1788870418.870599,8.28931186,0.6224528369728763,0.903,0.0,0.31342116031106865,0.6792918426575058,3.856057418577258,5,0.8498253564886452,-8.07,2,"[509.0, 579.5999755859375]"
random_walk,1788870418.9205647,8.339277327000001,0.5769875608404501,0.903,0.0,0.313421160311061,0.6792918426575237,4.069345436278567,5,0.7746602978822488,-16.14,2,"[535.0, 534.7999877929688]"
random_walk,1788870418.9706092,8.389321921,0.5428548330992408,0.903,0.0,0.31342116031105444,0.679291842657539,4.282898815588595,5,0.7194369895183657,-56.49,2,"[535.0, 534.7999877929688]"
random_walk,1788870419.0205352,8.439247907,0.5216987398135247,0.903,0.0,0.3134211603110489,0.6792918426575519,4.495998028887314,5,0.6565437772150544,-56.49,2,"[572.4000244140625, 488.3999938964844]"
random_walk,1788870419.0704687,8.489181553,0.5143909437269647,0.903,0.0,0.31342116031104417,0.6792918426575629,4.709198755069465,5,0.607456392002714,-51.11,2,"[572.4000244140625, 488.3999938964844]"
random_walk,1788870419.1205013,8.539214119,0.5212989350048554,0.903,0.0,0.31342116031104017,0.6792918426575723,4.922756150677152,5,0.5675728915176872,-88.77,2,"[593.5999755859375, 458.0]"
random_walk,1788870419.1706133,8.589326111,0.5421588449402629,0.903,0.0,0.31342116031103673,0.6792918426575802,5.136514907486266,5,0.5414952181236313,-91.46,2,"[593.5999755859375, 458.0]"
random_walk,1788870419.220505,8.639217814,0.5758864164255036,0.903,0.0,0.31342116031103384,0.679291842657587,5.34955031671106,5,0.5292233718205462,-86.08,2,"[617.0, 424.3999938964844]"
random_walk,1788870419.2705784,8.689291151,0.6211505170836292,0.903,0.0,0.3134211603110314,0.6792918426575928,5.563207022854058,5,0.5292233718205462,-26.9,2,"[617.0, 424.3999938964844]"
random_walk,1788870419.320449,8.739161969000001,0.6756446596713409,0.903,0.0,0.3134211603110293,0.6792918426575977,5.77625075490608,5,0.5368932757599744,2.69,2,"[611.0, 419.79998779296875]"
random_walk,1788870419.3706279,8.789340598,0.7373056650550621,0.903,0.0,0.3134211603110275,0.6792918426576019,5.99024939693637,5,0.5583690067903734,2.69,2,"[611.0, 419.79998779296875]"
random_walk,1788870419.4204912,8.839203914,0.8027704550941803,0.903,0.0,0.313421160311026,0.6792918426576054,6.203207399599869,5,0.5967185264875144,2.69,2,"[597.4000244140625, 419.0]"
random_walk,1788870419.4704795,8.889192306,0.8694946677824142,0.903,0.0,0.31342116031102474,0.6792918426576084,0.13339250611113584,6,0.6396699885483124,5.38,2,"[597.4000244140625, 419.0]"
random_walk,1788870419.5204563,8.939168968,0.934302185247325,0.903,0.0,0.3134211603110236,0.679291842657611,0.3466742667536451,6,0.6933593161243098,2.69,2,"[577.7999877929688, 494.79998779296875]"
random_walk,1788870419.5705152,8.989227744,0.9943622859975576,0.903,0.0,0.3134211603110227,0.6792918426576132,0.560251509103189,6,0.7531845668518499,21.52,2,"[577.7999877929688, 494.79998779296875]"
random_walk,1788870419.6204967,9.03920955,1.0468028096758124,0.903,0.0,0.3134211603110219,0.6792918426576151,0.7736007657404329,6,0.8176117599430467,2.69,2,"[555.7999877929688, 536.4000244140625]"
random_walk,1788870419.6705983,9.089311008000001,1.0893849765107682,0.903,0.0,0.31342116031102124,0.6792918426576167,0.9873666673766195,6,0.885106914610015,2.69,2,"[555.7999877929688, 536.4000244140625]"
random_walk,1788870419.7204807,9.13919341,1.1199775832914085,0.903,0.0,0.3134211603110207,0.679291842657618,1.200407911116713,6,0.9480001269133262,2.69,2,"[518.0, 578.7999877929688]"
random_walk,1788870419.7705905,9.189303298,1.137394004676163,0.903,0.0,0.3134211603110202,0.6792918426576191,1.4141470132492415,6,1.0032234352772094,29.59,2,"[518.0, 578.7999877929688]"
random_walk,1788870419.8204553,9.239168166,1.1407339215246122,0.903,0.0,0.31342116031101974,0.6792918426576201,1.6271617861306495,6,1.0538448012774355,29.59,2,"[494.0, 610.7999877929688]"
random_walk,1788870419.870427,9.289139729,1.1299042727718085,0.903,0.0,0.3134211603110194,0.6792918426576209,1.8404663299791721,6,1.0906603401866908,26.9,2,"[494.0, 610.7999877929688]"
random_walk,1788870419.9205365,9.339249132,1.1053250336435179,0.903,0.0,0.31342116031101913,0.6792918426576215,2.054160360801191,6,1.1136700520049756,51.11,2,"[467.20001220703125, 636.2000122070312]"
random_walk,1788870419.9705832,9.389295975000001,1.068140781559916,0.903,0.0,0.31342116031101885,0.6792918426576221,2.2677570999070227,6,1.1244079175201749,45.73,2,"[467.20001220703125, 636.2000122070312]"
random_walk,1788870420.0205524,9.439264947,1.0201008485603067,0.903,0.0,0.31342116031101863,0.6792918426576227,2.4810814691568055,6,1.1213399559444037,0.0,2,"[470.3999938964844, 635.0]"
random_walk,1788870420.0706046,9.489317436,0.9632794810502024,0.903,0.0,0.31342116031101847,0.6792918426576231,2.694632142480984,6,1.1075341288534328,-2.69,2,"[470.3999938964844, 635.0]"
random_walk,1788870420.1205027,9.539215408,0.9004486021491976,0.903,0.0,0.3134211603110183,0.6792918426576234,2.907707394573549,6,1.081456455459377,-2.69,2,"[456.79998779296875, 632.0]"
random_walk,1788870420.170598,9.589310641,0.8341329216665176,0.903,0.0,0.3134211603110182,0.6792918426576238,3.121419027108118,6,1.0446409165501216,-18.83,2,"[456.79998779296875, 632.0]"
random_walk,1788870420.2204652,9.639178035,0.7677492090963443,0.903,0.0,0.3134211603110181,0.679291842657624,3.3344166208205124,6,0.9924855697620099,-18.83,2,"[495.3999938964844, 607.2000122070312]"
random_walk,1788870420.270426,9.689138843,0.70399469452075,0.903,0.0,0.31342116031101797,0.6792918426576242,3.5477107120516678,6,0.9387962421860124,-126.42999999999999,2,"[495.3999938964844, 607.2000122070312]"
random_walk,1788870420.320451,9.739163695,0.6458018266679469,0.903,0.0,0.31342116031101785,0.6792918426576244,3.76120056044725,6,0.8820389530342436,-48.42,2,"[526.0, 566.0]"
random_walk,1788870420.3706098,9.7893225,0.5957940796441414,0.903,0.0,0.3134211603110178,0.6792918426576245,3.9750652220317093,6,0.8053399136399616,-2.69,2,"[526.0, 566.0]"
random_walk,1788870420.4205954,9.839308154000001,0.5564331719960276,0.903,0.0,0.31342116031101774,0.6792918426576247,4.18844986989118,6,0.7424467013366504,-29.59,2,"[557.4000244140625, 525.5999755859375]"
random_walk,1788870420.470593,9.889305569000001,0.5293812867489447,0.903,0.0,0.3134211603110177,0.6792918426576248,4.40184275521554,6,0.684155431396996,-96.84,2,"[557.4000244140625, 525.5999755859375]"
random_walk,1788870420.5205925,9.939305315,0.5158672263593818,0.903,0.0,0.31342116031101763,0.6792918426576249,4.61523941355491,6,0.6304661038209985,-67.25,2,"[586.5999755859375, 478.0]"
random_walk,1788870420.5706384,9.989351206,0.5165110579204816,0.903,0.0,0.3134211603110176,0.679291842657625,4.828812054874845,6,0.5844466801844292,-72.63,2,"[586.5999755859375, 478.0]"
random_walk,1788870420.6204631,10.039175933000001,0.5312336384281127,0.903,0.0,0.3134211603110176,0.6792918426576251,5.041726855662887,6,0.5506991028509451,-72.63,2,"[606.4000244140625, 441.6000061035156]"
random_walk,1788870420.6705747,10.089287411,0.5594621622731071,0.903,0.0,0.3134211603110176,0.6792918426576251,5.2553338425164995,6,0.5322913333963175,-94.14999999999999,2,"[606.4000244140625, 441.6000061035156]"
random_walk,1788870420.7204587,10.139171696,0.5997842389646232,0.903,0.0,0.3134211603110176,0.6792918426576251,5.46845662008657,6,0.5230874486690036,-88.77,2,"[612.7999877929688, 411.79998779296875]"
random_walk,1788870420.7705019,10.189214418,0.6505206615488041,0.903,0.0,0.3134211603110176,0.6792918426576251,5.6819517908234545,6,0.5246214294568893,2.69,2,"[612.7999877929688, 411.79998779296875]"
random_walk,1788870420.82046,10.239172926,0.7092584168427429,0.903,0.0,0.3134211603110176,0.6792918426576251,5.8952783410807825,6,0.5445631796994026,2.69,2,"[597.5999755859375, 423.20001220703125]"
random_walk,1788870420.870598,10.289310851,0.7735182193551355,0.903,0.0,0.3134211603110176,0.6792918426576251,6.109082365533773,6,0.5752427954571154,2.69,2,"[597.5999755859375, 423.20001220703125]"
random_walk,1788870420.9204981,10.33921078,0.8400280696120037,0.903,0.0,0.3134211603110176,0.6792918426576251,0.03899116698556071,7,0.6181942575179133,2.69,2,"[596.5999755859375, 447.6000061035156]"
random_walk,1788870420.9706101,10.389322917000001,0.9061743374363888,0.903,0.0,0.3134211603110176,0.6792918426576251,0.2527083907527796,7,0.6688156235181395,2.69,2,"[596.5999755859375, 447.6000061035156]"
random_walk,1788870421.0204663,10.439179054,0.9685588512505137,0.903,0.0,0.3134211603110176,0.6792918426576251,0.465725289156218,7,0.7317088358214509,2.69,2,"[582.5999755859375, 498.79998779296875]"
random_walk,1788870421.070459,10.489171802000001,1.0246572902669657,0.903,0.0,0.3134211603110176,0.6792918426576251,0.6790555484068079,7,0.7900001057611052,29.59,2,"[582.5999755859375, 498.79998779296875]"
random_walk,1788870421.1204822,10.539194865,1.071879816915183,0.903,0.0,0.3134211603110176,0.6792918426576251,0.8926330468433434,7,0.8574952604280734,2.69,2,"[533.5999755859375, 560.7999877929688]"
random_walk,1788870421.170616,10.589328651,1.1080332325384055,0.903,0.0,0.3134211603110176,0.6792918426576251,1.1063667967577473,7,0.923456434307156,2.69,2,"[533.5999755859375, 560.7999877929688]"
random_walk,1788870421.220498,10.639210830000001,1.1313797467819418,0.903,0.0,0.3134211603110176,0.6792918426576251,1.3194019456274475,7,0.9802137234589247,21.52,2,"[525.7999877929688, 591.5999755859375]"
random_walk,1788870421.2706318,10.689344455,1.14101145878299,0.903,0.0,0.3134211603110176,0.6792918426576251,1.533308054891485,7,1.0323690702470365,51.11,2,"[525.7999877929688, 591.5999755859375]"
random_walk,1788870421.3205297,10.739242500000001,1.1364136524294783,0.903,0.0,0.3134211603110176,0.6792918426576251,1.7463633407349448,7,1.0753205323078345,24.21,2,"[488.3999938964844, 630.0]"
random_walk,1788870421.3706222,10.789334847000001,1.117789954215721,0.903,0.0,0.3134211603110176,0.6792918426576251,1.9600119673333722,7,1.1060001480655473,43.04,2,"[488.3999938964844, 630.0]"
random_walk,1788870421.4204752,10.839187899,1.0860990924274592,0.903,0.0,0.3134211603110176,0.6792918426576251,2.172991263630223,7,1.1244079175201749,43.04,2,"[471.0, 633.7999877929688]"
random_walk,1788870421.4704633,10.88917617,1.0426470486113932,0.903,0.0,0.3134211603110176,0.6792918426576251,2.3863623175385626,7,1.1274758790959463,2.69,2,"[471.0, 633.7999877929688]"
random_walk,1788870421.520465,10.939177642,0.9894326599810608,0.903,0.0,0.3134211603110176,0.6792918426576251,2.5998022247026853,7,1.1213399559444037,-2.69,2,"[465.6000061035156, 627.0]"
random_walk,1788870421.5705962,10.989309084,0.9287785154913049,0.903,0.0,0.3134211603110176,0.6792918426576251,2.8135950581541493,7,1.0983302441261191,-8.07,2,"[465.6000061035156, 627.0]"
random_walk,1788870421.6206293,11.039342078,0.8636193333014636,0.903,0.0,0.3134211603110176,0.6792918426576251,3.027091163608553,7,1.064582666792635,-5.38,2,"[463.79998779296875, 618.2000122070312]"
random_walk,1788870421.670729,11.089441605000001,0.7967109981724558,0.903,0.0,0.3134211603110176,0.6792918426576251,3.240982150935743,7,1.0185632431560658,-24.21,2,"[463.79998779296875, 618.2000122070312]"
random_walk,1788870421.7205033,11.139216099,0.7316302570055127,0.903,0.0,0.3134211603110176,0.6792918426576251,3.4534976096692276,7,0.9648739155800683,-56.49,2,"[481.3999938964844, 595.7999877929688]"
random_walk,1788870421.7706225,11.189335444000001,0.670530319112858,0.903,0.0,0.3134211603110176,0.6792918426576251,3.667291249794715,7,0.9081166264282996,-123.74,2,"[481.3999938964844, 595.7999877929688]"
random_walk,1788870421.8205037,11.239216423,0.616762412978969,0.903,0.0,0.3134211603110176,0.6792918426576251,3.88034902395011,7,0.8329515678219032,-123.74,2,"[533.2000122070312, 555.4000244140625]"
random_walk,1788870421.870488,11.289200675,0.5724985476341906,0.903,0.0,0.3134211603110176,0.6792918426576251,4.093626849389189,7,0.765456413154935,-32.28,2,"[533.2000122070312, 555.4000244140625]"
random_walk,1788870421.9204383,11.339151067000001,0.5398005213944987,0.903,0.0,0.3134211603110176,0.6792918426576251,4.306934526035242,7,0.7117670855789375,-67.25,2,"[568.0, 526.5999755859375]"
random_walk,1788870421.970607,11.389319795,0.5201197145891996,0.903,0.0,0.3134211603110176,0.6792918426576251,4.520872594955819,7,0.6550097964271688,-86.08,2,"[568.0, 526.5999755859375]"
random_walk,1788870422.0205448,11.439257724,0.5144630187695127,0.903,0.0,0.3134211603110176,0.6792918426576251,4.734071242565243,7,0.602854449639057,-43.04,2,"[596.5999755859375, 476.79998779296875]"
random_walk,1788870422.0706408,11.489353463,0.5230320190394353,0.903,0.0,0.3134211603110176,0.6792918426576251,4.947773489511576,7,0.5629709491540303,-88.77,2,"[596.5999755859375, 476.79998779296875]"
random_walk,1788870422.1206214,11.539334145000002,0.5454170727717367,0.903,0.0,0.3134211603110176,0.6792918426576251,5.161109032690426,7,0.5368932757599744,-86.08,2,"[593.7999877929688, 431.0]"
random_walk,1788870422.170663,11.589375754,0.5806463577302206,0.903,0.0,0.3134211603110176,0.6792918426576251,5.37465525010095,7,0.5322913333963175,-99.53,2,"[593.7999877929688, 431.0]"
random_walk,1788870422.2204576,11.639170339000001,0.6269261867038721,0.903,0.0,0.3134211603110176,0.6792918426576251,5.587462374845295,7,0.5307573526084318,-99.53,2,"[583.2000122070312, 420.20001220703125]"
random_walk,1788870422.2704132,11.689126043,0.6824023438919855,0.903,0.0,0.3134211603110176,0.6792918426576251,5.800749252959527,7,0.5399612373357456,2.69,2,"[583.2000122070312, 420.20001220703125]"
random_walk,1788870422.320646,11.739358664000001,0.7446870800072433,0.903,0.0,0.3134211603110176,0.6792918426576251,6.014760272527752,7,0.5629709491540303,2.69,2,"[594.4000244140625, 449.20001220703125]"
random_walk,1788870422.370696,11.789408876000001,0.8106848134243835,0.903,0.0,0.3134211603110176,0.6792918426576251,6.228516920887316,7,0.5982525072754,2.69,2,"[594.4000244140625, 449.20001220703125]"
random_walk,1788870422.4204724,11.839185116000001,0.8771000449834678,0.903,0.0,0.3134211603110176,0.6792918426576251,0.157918499371263,8,0.6442719309119693,2.69,2,"[578.5999755859375, 462.20001220703125]"
random_walk,1788870422.4707656,11.889478480000001,0.9418485104466887,0.903,0.0,0.3134211603110176,0.6792918426576251,0.3723968947714482,8,0.6994952392758523,2.69,2,"[578.5999755859375, 462.20001220703125]"
random_walk,1788870422.5204644,11.939177317,1.0008067709710677,0.903,0.0,0.3134211603110176,0.6792918426576251,0.5847141165648111,8,0.7593204900033924,24.21,2,"[551.2000122070312, 517.5999755859375]"
random_walk,1788870422.5708046,11.989517280000001,1.0524824310705583,0.903,0.0,0.3134211603110176,0.6792918426576251,0.7992553941257583,8,0.8268156446703606,2.69,2,"[551.2000122070312, 517.5999755859375]"
random_walk,1788870422.6205006,12.039213255,1.0934974792758332,0.903,0.0,0.3134211603110176,0.6792918426576251,1.0116335390144044,8,0.9004467224888714,2.69,2,"[525.7999877929688, 563.5999755859375]"
random_walk,1788870422.6704764,12.089189117,1.122672371874994,0.903,0.0,0.3134211603110176,0.6792918426576251,1.2249379249426227,8,0.9602719732164113,2.69,2,"[525.7999877929688, 563.5999755859375]"
random_walk,1788870422.720519,12.13923173,1.1384922746994033,0.903,0.0,0.3134211603110176,0.6792918426576251,1.4384856233895817,8,1.009359358428752,34.97,2,"[505.3999938964844, 601.0]"
random_walk,1788870422.7706428,12.189355469,1.1401928850178067,0.903,0.0,0.3134211603110176,0.6792918426576251,1.6522355409293823,8,1.0569127628532067,34.97,2,"[505.3999938964844, 601.0]"
random_walk,1788870422.8206108,12.239323545000001,1.1277103975727236,0.903,0.0,0.3134211603110176,0.6792918426576251,1.8656003676557091,8,1.0937283017624622,32.28,2,"[491.20001220703125, 625.5999755859375]"
random_walk,1788870422.8705947,12.289307387000001,1.1016299206695999,0.903,0.0,0.3134211603110176,0.6792918426576251,2.0789448568067925,8,1.1167380135807468,37.66,2,"[491.20001220703125, 625.5999755859375]"
random_walk,1788870422.9204876,12.339200275000001,1.0631881386096007,0.903,0.0,0.3134211603110176,0.6792918426576251,2.292025448313133,8,1.1228739367322893,16.14,2,"[476.20001220703125, 631.4000244140625]"
random_walk,1788870422.9707239,12.389436676,1.013811657548906,0.903,0.0,0.3134211603110176,0.6792918426576251,2.5062487554610797,8,1.1182719943686323,0.0,2,"[476.20001220703125, 631.4000244140625]"
random_walk,1788870423.0204492,12.439161773,0.9564258143150234,0.903,0.0,0.3134211603110176,0.6792918426576251,2.718744563786089,8,1.1013982057018903,0.0,2,"[478.3999938964844, 625.7999877929688]"
random_walk,1788870423.070444,12.489156916,0.8929977417805826,0.903,0.0,0.3134211603110176,0.6792918426576251,2.9320771107471373,8,1.0768545130957201,-16.14,2,"[478.3999938964844, 625.7999877929688]"
random_walk,1788870423.1205993,12.539312030000001,0.8264405625281496,0.903,0.0,0.3134211603110176,0.6792918426576251,3.1459636122838575,8,1.038504993398579,-18.83,2,"[473.3999938964844, 622.7999877929688]"
random_walk,1788870423.170608,12.589320621,0.7600914357460109,0.903,0.0,0.3134211603110176,0.6792918426576251,3.3593742359004963,8,0.9878836273983529,-32.28,2,"[473.3999938964844, 622.7999877929688]"
random_walk,1788870423.2206426,12.639355558,0.6968054771572569,0.903,0.0,0.3134211603110176,0.6792918426576251,3.5728176898694457,8,0.9341942998223555,-126.42999999999999,2,"[499.20001220703125, 580.0]"
random_walk,1788870423.2705944,12.689307254000001,0.6394798255427986,0.903,0.0,0.3134211603110176,0.6792918426576251,3.7862029053884143,8,0.8728350683069298,-48.42,2,"[499.20001220703125, 580.0]"
random_walk,1788870423.320583,12.739295692,0.5907079082517521,0.903,0.0,0.3134211603110176,0.6792918426576251,3.9995348676174984,8,0.7961360289126478,-2.69,2,"[530.5999755859375, 542.5999755859375]"
random_walk,1788870423.3705924,12.789305016,0.5526659852239157,0.903,0.0,0.3134211603110176,0.6792918426576251,4.2129987829370705,8,0.7363107781851077,-32.28,2,"[530.5999755859375, 542.5999755859375]"
random_walk,1788870423.4204426,12.839155149000002,0.5271554385818108,0.903,0.0,0.3134211603110176,0.6792918426576251,4.425994238323085,8,0.6749515466696822,-32.28,2,"[578.2000122070312, 484.20001220703125]"
random_walk,1788870423.4704096,12.889122440000001,0.5152258319459442,0.903,0.0,0.3134211603110176,0.6792918426576251,4.639312760253233,8,0.6227961998815703,-53.8,2,"[578.2000122070312, 484.20001220703125]"
random_walk,1788870423.5205302,12.939243033,0.5174878396888603,0.903,0.0,0.3134211603110176,0.6792918426576251,4.853118235865843,8,0.5783107570328867,-69.94,2,"[589.5999755859375, 467.6000061035156]"
random_walk,1788870423.570483,12.989195897,0.5338120166481262,0.903,0.0,0.3134211603110176,0.6792918426576251,5.0662836092388375,8,0.5476311412751739,-99.53,2,"[589.5999755859375, 467.6000061035156]"
random_walk,1788870423.620487,13.039199717,0.5634827253294741,0.903,0.0,0.3134211603110176,0.6792918426576251,5.279674083077367,8,0.5307573526084318,-75.32,2,"[598.4000244140625, 428.6000061035156]"
random_walk,1788870423.6706045,13.089317235000001,0.6052307203975056,0.903,0.0,0.3134211603110176,0.6792918426576251,5.493457065715887,8,0.5230874486690036,-86.08,2,"[598.4000244140625, 428.6000061035156]"
random_walk,1788870423.720518,13.139230698,0.6569446059687398,0.903,0.0,0.3134211603110176,0.6792918426576251,5.706600693035185,8,0.5276893910326605,2.69,2,"[608.4000244140625, 409.20001220703125]"
random_walk,1788870423.770596,13.189308611000001,0.7165418167243941,0.903,0.0,0.3134211603110176,0.6792918426576251,5.920256972366545,8,0.5460971604872883,2.69,2,"[608.4000244140625, 409.20001220703125]"
random_walk,1788870423.820523,13.239235899,0.7810280736589374,0.903,0.0,0.3134211603110176,0.6792918426576251,6.1333616104413835,8,0.5829126993965437,2.69,2,"[611.5999755859375, 442.79998779296875]"
random_walk,1788870423.8704395,13.289152301000001,0.8476627693290316,0.903,0.0,0.3134211603110176,0.6792918426576251,0.06338295358970214,9,0.624330180669456,8.07,2,"[611.5999755859375, 442.79998779296875]"
random_walk,1788870423.9205027,13.339215484,0.9135301380158021,0.903,0.0,0.3134211603110176,0.6792918426576251,0.27702638589031636,9,0.6734175658817965,2.69,2,"[576.5999755859375, 478.0]"
random_walk,1788870423.9706526,13.389365308,0.975563810441423,0.903,0.0,0.3134211603110176,0.6792918426576251,0.49090130802690624,9,0.7317088358214509,13.45,2,"[576.5999755859375, 478.0]"
random_walk,1788870424.0205538,13.439266628,1.0306540615372866,0.903,0.0,0.3134211603110176,0.6792918426576251,0.7038947104488713,9,0.7946020481247621,37.66,2,"[552.5999755859375, 527.5999755859375]"
random_walk,1788870424.070614,13.489326762000001,1.0766993578001545,0.903,0.0,0.3134211603110176,0.6792918426576251,0.9175311643789712,9,0.8651651643675016,2.69,2,"[552.5999755859375, 527.5999755859375]"
random_walk,1788870424.120569,13.539281709,1.1113788650124075,0.903,0.0,0.3134211603110176,0.6792918426576251,1.1307966250844785,9,0.9295923574586985,2.69,2,"[510.6000061035156, 577.0]"
random_walk,1788870424.1706216,13.589334392000001,1.1332325683344582,0.903,0.0,0.3134211603110176,0.6792918426576251,1.3443843200513967,9,0.9878836273983529,5.38,2,"[510.6000061035156, 577.0]"
random_walk,1788870424.220578,13.639290786,1.1412044449554997,0.903,0.0,0.3134211603110176,0.6792918426576251,1.5576157724044322,9,1.0400389741864646,5.38,2,"[511.79998779296875, 616.5999755859375]"
random_walk,1788870424.2704988,13.689211526000001,1.1349828208701398,0.903,0.0,0.3134211603110176,0.6792918426576251,1.7708170790504525,9,1.081456455459377,24.21,2,"[511.79998779296875, 616.5999755859375]"
random_walk,1788870424.320553,13.739265738,1.11480294629321,0.903,0.0,0.3134211603110176,0.6792918426576251,1.9844043941549998,9,1.1106020904292042,56.49,2,"[478.6000061035156, 642.7999877929688]"
random_walk,1788870424.3706224,13.789335192000001,1.0815816259567126,0.903,0.0,0.3134211603110176,0.6792918426576251,2.197984530287549,9,1.1244079175201749,51.11,2,"[478.6000061035156, 642.7999877929688]"
random_walk,1788870424.4205613,13.839274098,1.0369140738109208,0.903,0.0,0.3134211603110176,0.6792918426576251,2.4111964858842967,9,1.1274758790959463,0.0,2,"[472.0, 636.4000244140625]"
random_walk,1788870424.4706035,13.889316214,0.9826768200911393,0.903,0.0,0.3134211603110176,0.6792918426576251,2.62477527756014,9,1.1152040327928612,-2.69,2,"[472.0, 636.4000244140625]"
random_walk,1788870424.5205731,13.939285914000001,0.9215012754516059,0.903,0.0,0.3134211603110176,0.6792918426576251,2.8380222061036946,9,1.0921943209745766,-2.69,2,"[480.79998779296875, 615.7999877929688]"
random_walk,1788870424.570637,13.989349545000001,0.8559640048704333,0.903,0.0,0.3134211603110176,0.6792918426576251,3.0516450105971487,9,1.0584467436410925,-16.14,2,"[480.79998779296875, 615.7999877929688]"
random_walk,1788870424.6205492,14.039262081,0.7892891205397585,0.903,0.0,0.3134211603110176,0.6792918426576251,3.264810362629561,9,1.009359358428752,-16.14,2,"[498.20001220703125, 600.5999755859375]"
random_walk,1788870424.6704633,14.089176071,0.7243733747691808,0.903,0.0,0.3134211603110176,0.6792918426576251,3.4779237802200953,9,0.9587379924285258,-94.14999999999999,2,"[498.20001220703125, 600.5999755859375]"
random_walk,1788870424.7205424,14.139255031000001,0.663981920969509,0.903,0.0,0.3134211603110176,0.6792918426576251,3.6916201627743206,9,0.9035146840646426,-75.32,2,"[515.4000244140625, 562.7999877929688]"
random_walk,1788870424.7705934,14.189306059000002,0.6110717291643064,0.903,0.0,0.3134211603110176,0.6792918426576251,3.905191673043376,9,0.8298836062461319,-2.69,2,"[515.4000244140625, 562.7999877929688]"
random_walk,1788870424.820494,14.239206791,0.568091216397462,0.903,0.0,0.3134211603110176,0.6792918426576251,4.11830053228546,9,0.7623884515791637,-37.66,2,"[549.7999877929688, 528.5999755859375]"
random_walk,1788870424.8706172,14.289330008,0.5367821831194464,0.903,0.0,0.3134211603110176,0.6792918426576251,4.332089562845098,9,0.705631162427395,-78.01,2,"[549.7999877929688, 528.5999755859375]"
random_walk,1788870424.920546,14.339258873,0.5187568104118054,0.903,0.0,0.3134211603110176,0.6792918426576251,4.5452525972902365,9,0.6504078540635119,-80.7,2,"[578.7999877929688, 496.3999938964844]"
random_walk,1788870424.9707258,14.389438609,0.5147331623330635,0.903,0.0,0.3134211603110176,0.6792918426576251,4.759232771180336,9,0.5997864880632857,-45.73,2,"[578.7999877929688, 496.3999938964844]"
random_walk,1788870425.020435,14.439147782000001,0.5248750832087121,0.903,0.0,0.3134211603110176,0.6792918426576251,4.97178814107145,9,0.5583690067903734,-45.73,2,"[599.2000122070312, 420.79998779296875]"
random_walk,1788870425.0704112,14.489123838000001,0.5487618294896359,0.903,0.0,0.3134211603110176,0.6792918426576251,5.185112949937235,9,0.5353592949720888,-94.14999999999999,2,"[599.2000122070312, 420.79998779296875]"
random_walk,1788870425.1204927,14.539205464,0.5853534596852286,0.903,0.0,0.3134211603110176,0.6792918426576251,5.398710534130139,9,0.5230874486690036,-102.22,2,"[604.2000122070312, 460.79998779296875]"
random_walk,1788870425.1705878,14.589300443,0.6329887466948823,0.903,0.0,0.3134211603110176,0.6792918426576251,5.6124050899304905,9,0.5246214294568893,-5.38,2,"[604.2000122070312, 460.79998779296875]"
random_walk,1788870425.2205548,14.639267595000002,0.6893646265971534,0.903,0.0,0.3134211603110176,0.6792918426576251,5.825665070374377,9,0.5368932757599744,2.69,2,"[600.0, 413.3999938964844]"
random_walk,1788870425.2705998,14.689312554,0.7521161365271326,0.903,0.0,0.3134211603110176,0.6792918426576251,6.03926360208915,9,0.5645049299419159,2.69,2,"[600.0, 413.3999938964844]"
random_walk,1788870425.32074,14.739452652,0.8183498659975824,0.903,0.0,0.3134211603110176,0.6792918426576251,6.252995640488827,9,0.602854449639057,2.69,2,"[591.0, 443.6000061035156]"
random_walk,1788870425.370647,14.789359699,0.8848483168774979,0.903,0.0,0.3134211603110176,0.6792918426576251,0.18300432440353376,10,0.6504078540635119,2.69,2,"[591.0, 443.6000061035156]"
random_walk,1788870425.4204826,14.839195499,0.9486855821561662,0.903,0.0,0.3134211603110176,0.6792918426576251,0.39592674804768535,10,0.7102331047910518,2.69,2,"[582.2000122070312, 492.6000061035156]"
random_walk,1788870425.470453,14.889165737,1.007162486887865,0.903,0.0,0.3134211603110176,0.6792918426576251,0.6092341088531157,10,0.7669903939428205,32.28,2,"[582.2000122070312, 492.6000061035156]"
random_walk,1788870425.5204606,14.939173434,1.057542368167728,0.903,0.0,0.3134211603110176,0.6792918426576251,0.8226943706649408,10,0.8329515678219032,10.76,2,"[545.0, 547.2000122070312]"
random_walk,1788870425.5705595,14.989272393,1.097529070786059,0.903,0.0,0.3134211603110176,0.6792918426576251,1.036373407593608,10,0.9035146840646426,2.69,2,"[545.0, 547.2000122070312]"
random_walk,1788870425.6204622,15.039175065,1.1251925253069355,0.903,0.0,0.3134211603110176,0.6792918426576251,1.2494960315114838,10,0.9633399347921826,10.76,2,"[517.2000122070312, 588.2000122070312]"
random_walk,1788870425.6705942,15.089306917000002,1.139423010773099,0.903,0.0,0.3134211603110176,0.6792918426576251,1.463313713937353,10,1.0139613007924089,45.73,2,"[517.2000122070312, 588.2000122070312]"
random_walk,1788870425.7204695,15.139182098000001,1.1394879235486004,0.903,0.0,0.3134211603110176,0.6792918426576251,1.6763307147755881,10,1.059980724428978,43.04,2,"[496.20001220703125, 612.0]"
random_walk,1788870425.770636,15.18934894,1.1253806781471383,0.903,0.0,0.3134211603110176,0.6792918426576251,1.8901902162071735,10,1.0967962633382335,29.59,2,"[496.20001220703125, 612.0]"
random_walk,1788870425.8204336,15.239146361000001,1.0978660456753406,0.903,0.0,0.3134211603110176,0.6792918426576251,2.1031046157922617,10,1.1213399559444037,29.59,2,"[521.2000122070312, 641.5999755859375]"
random_walk,1788870425.8704329,15.289145712000002,1.0580620769923674,0.903,0.0,0.3134211603110176,0.6792918426576251,2.3164574619155047,10,1.1274758790959463,2.69,2,"[521.2000122070312, 641.5999755859375]"
random_walk,1788870425.9204524,15.339165256000001,1.0077881756215024,0.903,0.0,0.3134211603110176,0.6792918426576251,2.5299221924453406,10,1.1244079175201749,-2.69,2,"[467.20001220703125, 623.7999877929688]"
random_walk,1788870425.970601,15.389313839000001,0.9492397087673127,0.903,0.0,0.3134211603110176,0.6792918426576251,2.743748901937664,10,1.1060001480655473,-2.69,2,"[467.20001220703125, 623.7999877929688]"
random_walk,1788870426.020463,15.439175780000001,0.8854122245505446,0.903,0.0,0.3134211603110176,0.6792918426576251,2.956758262847316,10,1.0753205323078345,-8.07,2,"[470.79998779296875, 619.7999877929688]"
random_walk,1788870426.070557,15.489269819,0.818771276325907,0.903,0.0,0.3134211603110176,0.6792918426576251,3.170437184536837,10,1.0354370318228079,-18.83,2,"[470.79998779296875, 619.7999877929688]"
random_walk,1788870426.1205237,15.539236330000001,0.7526541252846836,0.903,0.0,0.3134211603110176,0.6792918426576251,3.3837458812627403,10,0.983281685034696,-34.97,2,"[485.6000061035156, 603.2000122070312]"
random_walk,1788870426.1706052,15.589317848,0.6898487821916561,0.903,0.0,0.3134211603110176,0.6792918426576251,3.5973917848028236,10,0.9280583766708129,-134.5,2,"[485.6000061035156, 603.2000122070312]"
random_walk,1788870426.220537,15.639249709000001,0.6334412157688256,0.903,0.0,0.3134211603110176,0.6792918426576251,3.81053127204909,10,0.8620972027917303,-134.5,2,"[519.7999877929688, 563.2000122070312]"
random_walk,1788870426.270449,15.689161776,0.5858222285657637,0.903,0.0,0.3134211603110176,0.6792918426576251,4.023710610699354,10,0.7884661249732196,-8.07,2,"[519.7999877929688, 563.2000122070312]"
random_walk,1788870426.3204563,15.739168943000001,0.5491156076638388,0.903,0.0,0.3134211603110176,0.6792918426576251,4.237191897253183,10,0.7301748550335652,-51.11,2,"[560.7999877929688, 521.2000122070312]"
random_walk,1788870426.3705738,15.789286373000001,0.5250371461233292,0.903,0.0,0.3134211603110176,0.6792918426576251,4.450981521081019,10,0.6734175658817965,-99.53,2,"[560.7999877929688, 521.2000122070312]"
random_walk,1788870426.4204617,15.839174380000001,0.5147563306289955,0.903,0.0,0.3134211603110176,0.6792918426576251,4.663992307541591,10,0.6212622190936846,-61.87,2,"[590.2000122070312, 481.20001220703125]"
random_walk,1788870426.470542,15.889254677,0.5186582009968552,0.903,0.0,0.3134211603110176,0.6792918426576251,4.877623417789806,10,0.5752427954571154,-72.63,2,"[590.2000122070312, 481.20001220703125]"
random_walk,1788870426.5206063,15.939319018,0.5366147930236,0.903,0.0,0.3134211603110176,0.6792918426576251,5.091247016152934,10,0.5476311412751739,-110.28999999999999,2,"[598.2000122070312, 441.79998779296875]"
random_walk,1788870426.570628,15.989340686,0.5677772559436329,0.903,0.0,0.3134211603110176,0.6792918426576251,5.304685476425547,10,0.5292233718205462,-83.39,2,"[598.2000122070312, 441.79998779296875]"
random_walk,1788870426.6204383,16.039151143,0.6106203273163155,0.903,0.0,0.3134211603110176,0.6792918426576251,5.517590558712257,10,0.526155410244775,-83.39,2,"[605.7999877929688, 416.6000061035156]"
random_walk,1788870426.6704116,16.089124471,0.6633836996556925,0.903,0.0,0.3134211603110176,0.6792918426576251,5.730917360788467,10,0.5338253141842031,2.69,2,"[605.7999877929688, 416.6000061035156]"
random_walk,1788870426.7206242,16.139337055000002,0.7237992869061385,0.903,0.0,0.3134211603110176,0.6792918426576251,5.944913121840116,10,0.5537670644267164,2.69,2,"[586.2000122070312, 426.79998779296875]"
random_walk,1788870426.7705903,16.189303107,0.7887474737264641,0.903,0.0,0.3134211603110176,0.6792918426576251,6.158226031197032,10,0.5859806609723149,2.69,2,"[586.2000122070312, 426.79998779296875]"
random_walk,1788870426.8204908,16.23920351,0.8553926379693552,0.903,0.0,0.3134211603110176,0.6792918426576251,0.08811739312469768,11,0.6289321230331129,2.69,2,"[583.5999755859375, 451.0]"
random_walk,1788870426.8707027,16.289415560000002,0.921073606562907,0.903,0.0,0.3134211603110176,0.6792918426576251,0.30214086705694143,11,0.6810874698212247,2.69,2,"[583.5999755859375, 451.0]"
random_walk,1788870426.9205945,16.339307327,0.9822213426532824,0.903,0.0,0.3134211603110176,0.6792918426576251,0.5151466128718951,11,0.7409127205487647,18.83,2,"[563.5999755859375, 531.0]"
random_walk,1788870426.9707713,16.389484081000003,1.0366154373182177,0.903,0.0,0.3134211603110176,0.6792918426576251,0.7291177810361305,11,0.803805932852076,24.21,2,"[563.5999755859375, 531.0]"
random_walk,1788870427.0205557,16.439268301000002,1.0812695829852434,0.903,0.0,0.3134211603110176,0.6792918426576251,0.9419136422209604,11,0.8774370106705868,24.21,2,"[536.4000244140625, 566.5999755859375]"
random_walk,1788870427.0705492,16.489262213,1.114564423456545,0.903,0.0,0.3134211603110176,0.6792918426576251,1.1552988193268803,11,0.9387962421860124,2.69,2,"[536.4000244140625, 566.5999755859375]"
random_walk,1788870427.1205995,16.539312211000002,1.1348662481717715,0.903,0.0,0.3134211603110176,0.6792918426576251,1.36891219128281,11,0.9924855697620099,21.52,2,"[513.2000122070312, 602.2000122070312]"
random_walk,1788870427.1707084,16.589421005000002,1.181424689930374,0.903,0.0,0.34233946275778115,0.6563603267246597,1.5754491285217185,11,1.043106935762236,43.04,2,"[513.2000122070312, 602.2000122070312]"
random_walk,1788870427.220525,16.639237723,1.207973648204695,0.903,0.0,0.36692001983753014,0.6368685381816392,1.7749783141765434,11,1.0829904362472627,40.35,2,"[491.0, 632.7999877929688]"
random_walk,1788870427.2705812,16.689294095,1.2141433094603824,0.903,0.0,0.3878134933553168,0.6203005179200718,1.9700064712955978,11,1.1136700520049756,67.25,2,"[491.0, 632.7999877929688]"
random_walk,1788870427.3204703,16.739183136,1.200901831098368,0.903,0.0,0.40557294584543546,0.6062177006977395,2.160157158659139,11,1.145883648550574,94.14999999999999,2,"[468.3999938964844, 646.0]"
random_walk,1788870427.3705866,16.789299496,1.1697703230323062,0.903,0.0,0.4206684804620363,0.594247306058757,2.3471614817214643,11,1.1734953027325155,88.77,2,"[468.3999938964844, 646.0]"
random_walk,1788870427.4205205,16.839233297,1.1233760091023894,0.903,0.0,0.43349968488614704,0.5840724706156218,2.5304782125198173,11,1.1903690913992575,88.77,2,"[442.79998779296875, 658.7999877929688]"
random_walk,1788870427.4704437,16.88915639,1.064379826367743,0.903,0.0,0.44440620864664115,0.575423860488957,2.711038352110428,11,1.1903690913992575,0.0,2,"[442.79998779296875, 658.7999877929688]"
random_walk,1788870427.5205078,16.939220398,0.995601012782072,0.903,0.0,0.45367675384306116,0.5680725418812919,2.889663006132629,11,1.1765632643082868,-2.69,2,"[439.0, 646.5999755859375]"
random_walk,1788870427.5705624,16.989275212000003,0.9203002709457666,0.903,0.0,0.4615567172600182,0.5618239210647765,3.0663077643146366,11,1.1443496677626883,-5.38,2,"[439.0, 646.5999755859375]"
random_walk,1788870427.6204746,17.039187278,0.8417628444167002,0.903,0.0,0.4682546861644316,0.5565125933707384,3.240920460063215,11,1.0967962633382335,-16.14,2,"[428.3999938964844, 640.2000122070312]"
random_walk,1788870427.6705854,17.089298202000002,0.7626205280231714,0.903,0.0,0.47394795973318304,0.5519979648308061,3.414615523378977,11,1.038504993398579,-13.45,2,"[428.3999938964844, 640.2000122070312]"
random_walk,1788870427.7205102,17.139222962,0.686193186610285,0.903,0.0,0.4787872422666218,0.5481605305718635,3.5866250185096717,11,0.9679418771558396,-64.56,2,"[489.0, 605.5999755859375]"
random_walk,1788870427.7705963,17.189308926000002,0.6147237430640975,0.903,0.0,0.4829006324200447,0.5448987114517624,3.7580431170986586,11,0.8973787609131001,-145.26,2,"[489.0, 605.5999755859375]"
random_walk,1788870427.8205214,17.239234149,0.5509387142223763,0.903,0.0,0.4863970140504542,0.5421261651996764,3.9281529331735854,11,0.8068738944278473,-145.26,2,"[538.7999877929688, 549.5999755859375]"
random_walk,1788870427.8705575,17.289270283,0.4965968563338412,0.903,0.0,0.48936893843630225,0.5397695008854033,4.0978547681494675,11,0.7301748550335652,-34.97,2,"[538.7999877929688, 549.5999755859375]"
random_walk,1788870427.9204555,17.339168308,0.453610962831106,0.903,0.0,0.4918950741642731,0.5377663362182712,4.266522645675444,11,0.6642136811544826,-104.91,2,"[582.2000122070312, 502.20001220703125]"
random_walk,1788870427.9707196,17.389432262,0.42300426366990546,0.903,0.0,0.4940422895330483,0.536063646251209,4.435691007749604,11,0.5997864880632857,-102.22,2,"[582.2000122070312, 502.20001220703125]"
random_walk,1788870428.020693,17.43940578,0.46123686449029283,0.903,0.0,0.4658882030754168,0.5543275679392368,4.609633282564353,11,0.5368932757599744,-88.77,2,"[605.0, 446.3999938964844]"
random_walk,1788870428.0706005,17.489313297000002,0.5064387614174253,0.903,0.0,0.44195722958643,0.5698519013740604,4.788432457228986,11,0.4908738521234052,-121.05,2,"[605.0, 446.3999938964844]"
random_walk,1788870428.1205108,17.539223634000003,0.5586447511444876,0.903,0.0,0.42161590212079125,0.5830475847936605,4.971352667302973,11,0.4740000634566631,-137.19,2,"[626.4000244140625, 387.0]"
random_walk,1788870428.1706266,17.589339503,0.6176436854509118,0.903,0.0,0.40432577377499834,0.5942639157003206,5.158360466086073,11,0.47553404424454876,-48.42,2,"[626.4000244140625, 387.0]"
random_walk,1788870428.2204437,17.63915649,0.6825763886496301,0.903,0.0,0.38962916468107434,0.6037977969709816,5.347582838125994,11,0.49394181369917645,-48.42,2,"[620.7999877929688, 377.3999938964844]"
random_walk,1788870428.2704232,17.689136017000003,0.7526821283406089,0.903,0.0,0.37713704695123895,0.6119015960510434,5.539770527228647,11,0.5292233718205462,2.69,2,"[620.7999877929688, 377.3999938964844]"
random_walk,1788870428.3204305,17.739143252,0.8266465849346264,0.903,0.0,0.3665187468808788,0.6187898252690961,5.734237687397531,11,0.5783107570328867,2.69,2,"[606.2000122070312, 425.6000061035156]"
random_walk,1788870428.370576,17.789288771000002,0.9030002681614924,0.903,0.0,0.35749319182107275,0.6246448201044408,5.930874012170911,11,0.6366020269725411,2.69,2,"[606.2000122070312, 425.6000061035156]"
random_walk,1788870428.4205432,17.839255962000003,0.9796746514577312,0.903,0.0,0.34982147002023756,0.6296215657144838,6.128541331547687,11,0.7040971816395093,2.69,2,"[578.4000244140625, 494.6000061035156]"
random_walk,1788870428.470588,17.889300798,1.054985008075082,0.903,0.0,0.3433005064895277,0.6338517994830204,0.04461192406289172,12,0.7715923363064775,32.28,2,"[578.4000244140625, 494.6000061035156]"
random_walk,1788870428.5206876,17.939400108,1.1268502471525972,0.903,0.0,0.3377576874884243,0.6374474981862764,0.24515298670895902,12,0.8467573949128739,8.07,2,"[541.2000122070312, 563.7999877929688]"
random_walk,1788870428.570736,17.989448785,1.193149014958695,0.903,0.0,0.3330462913374864,0.6405038420840441,0.4466363227771666,12,0.9249904150950417,2.69,2,"[541.2000122070312, 563.7999877929688]"
random_walk,1788870428.62046,18.039172783,1.251593189115639,0.903,0.0,0.3290416046091892,0.6431017343971466,0.6477485000834378,12,1.0032234352772094,2.69,2,"[512.7999877929688, 595.5999755859375]"
random_walk,1788870428.6704152,18.089127934,1.300971700951898,0.903,0.0,0.3256376208901366,0.6453099428632837,0.8503774029067017,12,1.069184609156292,78.01,2,"[512.7999877929688, 595.5999755859375]"
random_walk,1788870428.72043,18.139142659,1.3395191836379747,0.903,0.0,0.32274423472894187,0.6471869200595003,1.053770007535988,12,1.1382137446111458,61.87,2,"[476.0, 643.7999877929688]"
random_walk,1788870428.7704713,18.189184165,1.3659780007617153,0.903,0.0,0.3202848564919264,0.6487823506762844,1.2576671947163902,12,1.1995729761265714,121.05,2,"[476.0, 643.7999877929688]"
random_walk,1788870428.8204696,18.239182330000002,1.3795374334777462,0.903,0.0,0.31819438499046315,0.6501384667005509,1.4618831232298533,12,1.2501943421267976,147.95,2,"[433.0, 687.0]"
random_walk,1788870428.8705478,18.289260466,1.3714461231692756,0.903,0.0,0.31877981519441423,0.6621836855512278,1.6701636178612063,12,1.2946797849754812,147.95,2,"[433.0, 687.0]"
random_walk,1788870428.9204879,18.339200564000002,1.3506165784147786,0.903,0.0,0.31927743086777266,0.6724221215743031,1.8812034955324464,12,1.3268933815210797,196.37,2,"[417.3999938964844, 711.2000122070312]"
random_walk,1788870428.9706192,18.389331994000003,1.3167780604427917,0.903,0.0,0.31970040419012735,0.6811247921939172,2.095602907709889,12,1.3453011509757073,185.60999999999999,2,"[417.3999938964844, 711.2000122070312]"
random_walk,1788870429.0204744,18.439187314,1.2707909624647602,0.903,0.0,0.3200599315141288,0.6885220622205891,2.311468670161844,12,1.35143707412725,185.60999999999999,2,"[395.20001220703125, 690.7999877929688]"
random_walk,1788870429.070417,18.489129782000003,1.213939154391762,0.903,0.0,0.3203655297395301,0.6948097417432603,2.529600017741515,12,1.346835131763593,-2.69,2,"[395.20001220703125, 690.7999877929688]"
random_walk,1788870429.120584,18.539296816,1.148252754233274,0.903,0.0,0.32062528823112113,0.7001542693375308,2.750060632676366,12,1.3238254199453083,-5.38,2,"[396.6000061035156, 704.7999877929688]"
random_walk,1788870429.1706681,18.589380868000003,1.0767674621452323,0.903,0.0,0.32084608294897354,0.7046971177926606,2.971669073359905,12,1.2854759002481673,-5.38,2,"[396.6000061035156, 704.7999877929688]"
random_walk,1788870429.2206292,18.639341939,1.0027587111553768,0.903,0.0,0.3210337584591481,0.708558538979521,3.1941644943372154,12,1.239456476611598,-2.69,2,"[411.3999938964844, 676.7999877929688]"
random_walk,1788870429.2707083,18.68942111,0.9294743678385751,0.903,0.0,0.32119328264279645,0.7118407469883524,3.4181628305902194,12,1.1811652066719438,-5.38,2,"[411.3999938964844, 676.7999877929688]"
random_walk,1788870429.320609,18.739321809,0.8330067853828486,0.903,0.0,0.34447634978629593,0.7473307721787378,3.6524912284513675,12,1.1167380135807468,-24.21,2,"[444.0, 654.4000244140625]"
random_walk,1788870429.3707173,18.789430115000002,0.7382427275170005,0.903,0.0,0.3642669568582705,0.7774972935905653,3.8973308732042256,12,1.0507768397016641,-21.52,2,"[444.0, 654.4000244140625]"
random_walk,1788870429.4204416,18.839154374,0.6546044149128176,0.903,0.0,0.38108897286944887,0.8031388367906187,4.148513349532848,12,0.9710098387316108,-21.52,2,"[506.79998779296875, 603.0]"
random_walk,1788870429.4704113,18.88912407,0.5898721850750321,0.903,0.0,0.3953876864789505,0.8249341485106642,4.407569639750022,12,0.8958447801252144,-126.42999999999999,2,"[506.79998779296875, 603.0]"
random_walk,1788870429.5204718,18.939184641,0.5515974371183647,0.903,0.0,0.40754159304702686,0.8434601634727027,4.6727263805364885,12,0.803805932852076,-2.69,2,"[580.5999755859375, 543.5999755859375]"
random_walk,1788870429.5706162,18.989328829,0.5450426235122754,0.903,0.0,0.4178724136298918,0.8592072761904355,4.94317199658758,12,0.7102331047910518,-13.45,2,"[580.5999755859375, 543.5999755859375]"
random_walk,1788870429.620622,19.039334745,0.5724979869858887,0.903,0.0,0.42665361112532696,0.8725923220005084,5.217355301202446,12,0.6381360077604268,-80.7,2,"[594.5999755859375, 489.6000061035156]"
random_walk,1788870429.6707096,19.089422488,0.633220010842594,0.903,0.0,0.4341176289964468,0.8839696109390703,5.4956051902828165,12,0.5890486225480862,-80.7,2,"[594.5999755859375, 489.6000061035156]"
random_walk,1788870429.720638,19.139350875,0.7225424562651547,0.903,0.0,0.4404620441868987,0.893640306536848,5.775778082111131,12,0.5583690067903734,-32.28,2,"[614.0, 463.79998779296875]"
random_walk,1788870429.7707305,19.189443433,0.8277220485322032,0.903,0.0,0.43955727596098115,0.8862986522833101,6.054824485822309,12,0.5629709491540303,2.69,2,"[614.0, 463.79998779296875]"
random_walk,1788870429.820536,19.239248557,0.9399757108593885,0.903,0.0,0.43878822296895126,0.8800582461678028,0.04715716117805613,13,0.6013204688511713,2.69,2,"[605.0, 444.0]"
random_walk,1788870429.870452,19.289164647,1.051053486077229,0.903,0.0,0.4381345279257258,0.8747539009696217,0.32165255464826004,13,0.6642136811544826,8.07,2,"[605.0, 444.0]"
random_walk,1788870429.920469,19.339181841000002,1.1521251279401328,0.903,0.0,0.4375788871389842,0.8702452075511677,0.5951372931024466,13,0.7485826244881929,67.25,2,"[584.0, 501.20001220703125]"
random_walk,1788870429.9706435,19.389356207000002,1.235434548183203,0.903,0.0,0.43710659247025385,0.866412818145482,0.8679015007164494,13,0.8528933180644165,8.07,2,"[584.0, 501.20001220703125]"
random_walk,1788870430.0204878,19.439200673000002,1.2943321227394344,0.903,0.0,0.43670514200183297,0.8631552871506492,1.1385624951724154,13,0.9679418771558396,5.38,2,"[528.0, 589.4000244140625]"
random_walk,1788870430.0705266,19.48923943,1.3249323587928001,0.903,0.0,0.4363639091036753,0.8603863858050411,1.4090004051024252,13,1.0722525707320631,40.35,2,"[528.0, 589.4000244140625]"
random_walk,1788870430.1204622,19.539174974,1.3248291125634941,0.903,0.0,0.43607386114024127,0.8580328196612743,1.6783209890013566,13,1.1612234564294304,99.53,2,"[470.79998779296875, 649.2000122070312]"
random_walk,1788870430.170672,19.5893847,1.2939191870186986,0.903,0.0,0.4358273203713223,0.8560322884390725,1.947984837265885,13,1.2348545342479411,91.46,2,"[470.79998779296875, 649.2000122070312]"
random_walk,1788870430.2204695,19.639182119,1.2346981608921426,0.903,0.0,0.43561776071774116,0.8543318369002011,2.215680547699286,13,1.2839419194602817,91.46,2,"[418.3999938964844, 694.2000122070312]"
random_walk,1788870430.270431,19.689143845,1.1510500115363236,0.903,0.0,0.4354396350121972,0.8528864530921603,2.4834882115445183,13,1.2992817273391382,121.05,2,"[418.3999938964844, 694.2000122070312]"
random_walk,1788870430.320444,19.739156736,1.0488399920377134,0.903,0.0,0.4352882281624848,0.8516578768553256,2.7511353293734757,13,1.2946797849754812,-2.69,2,"[401.20001220703125, 695.2000122070312]"
random_walk,1788870430.3705976,19.789310305,0.9350644565309355,0.903,0.0,0.4351595323402293,0.8506135870540161,3.018966025685053,13,1.2578642460662257,-2.69,2,"[401.20001220703125, 695.2000122070312]"
random_walk,1788870430.4204586,19.839171378,0.8183888349782714,0.903,0.0,0.4350501408913121,0.849725940722903,3.2853302836378404,13,1.1965050145508,-21.52,2,"[419.3999938964844, 680.7999877929688]"
